details,adresse,prix,etat,image_lien
AIR FRYER HISENSE,Ouakam Dakar,75000,Neuf,https://i.roamcdn.net/hz/ed/listing-thumb-543w/256b6cad4b6265ec81b3760f516a1ea3/-/horizon-files-prod/ed/picture/qgqq6pxq/dd2c09715a031d1624a8c66de9e39b97080c79c9.jpg
Plaque de cuisson Taurus,Hlm Dakar,75000,Neuf,https://i.roamcdn.net/hz/ed/listing-thumb-543w/75753024e3b0f7bb437a744ed21ae90c/-/horizon-files-prod/ed/picture/qrzvxmv2/64826ebb82c6234ad88b3b889af052e4d77acbc8.jpg
CUISINIERE HISENSE 4FEUX 60X60 A GAZ INOX HFG60121X,Plateau Dakar,199900,Neuf,https://i.roamcdn.net/hz/ed/listing-thumb-543w/54b908217f3a2ac7587f5a9861c86d57/-/horizon-files-prod/ed/picture/qm5per9j/2aec8e16d6b4c36de8d5e12aebb0792c7f8e9699.jpg
CUISINIERE HISENSE 5FEUX 90X60 A GAZ SILVER HFS90GA5ES,Plateau Dakar,379900,Neuf,https://i.roamcdn.net/hz/ed/listing-thumb-543w/3b08e1381e4e1f816e3e286108593ea5/-/horizon-files-prod/ed/picture/qdekpwjm/6ec7ee523e6f7d1e9b7d8601e0ad9ccb67a8ddc6.jpg
CUISINIERE TECHNOLUX 4FEUX 60X60 TEC60CS NEW,Plateau Dakar,139000,Neuf,https://i.roamcdn.net/hz/ed/listing-thumb-543w/26be5e0b109e10df23c2f9b044014520/-/horizon-files-prod/ed/picture/q8v5wz77/05385fa022bc6831405f1608118a4021e539a6b9.jpg
CUISINIERE 4FEUX ELECTRIQUE 60X60 ASTECH,Plateau Dakar,249000,Neuf,https://i.roamcdn.net/hz/ed/listing-thumb-543w/3cf1c2e03fff2ceb4a4d0d8390a49874/-/horizon-files-prod/ed/picture/qrzveq99/88706d033073bd6bea6bdf7adffa900f0948804a.jpg
CUISINIERE ASTECH 4FEUX 60X60 1F ELECTRIQUE ET 3F GAZ,Plateau Dakar,198000,Neuf,https://i.roamcdn.net/hz/ed/listing-thumb-543w/5f459de41ba269d02a81e8ec3cc11652/-/horizon-files-prod/ed/picture/q0gwj2eg/7eee7090681edcae622917dcf476b77b4331bc22.jpg
Barbecue à gaz,Plateau Dakar,270000,Neuf,https://i.roamcdn.net/hz/ed/listing-thumb-543w/2686e03d3fd2f0e374e09c69ca143f41/-/horizon-files-prod/ed/picture/qrzveqkn/69a7d78906e73bb0c1dfc712c157dde0f94155f9.jpg
Réchaud à gaz 3 Feu + Détendeur + Bouteille,Ouakam Dakar,42000,Réconditionné,https://i.roamcdn.net/hz/ed/listing-thumb-543w/5dcfe55fbe20e69efe851fbd7de774e3/-/horizon-files-prod/ed/picture/q8v5wzpr/d9195d1e3b008c1d687b7f3778cf78de69c12d7c.png
CUISINIERE 6FEUX 2FEUX ELECTRQUE+4FEUX GAZ,Plateau Dakar,310000,Neuf,https://i.roamcdn.net/hz/ed/listing-thumb-543w/46f7bfc8d697731679b415e61866e582/-/horizon-files-prod/ed/picture/qpd6ewzr/105d88a1742eedf749be375c7742d9a3a59c05f6.jpg
HOTTE DE CUISINE ROCH 60X60 INOX,Plateau Dakar,110000,Neuf,https://i.roamcdn.net/hz/ed/listing-thumb-543w/724722f0168cc8994b4eba6c7b4f6d78/-/horizon-files-prod/ed/picture/q8v52gmp/0b124554a004f9996782f8011f3b061f606b8d76.jpg
CUISINIERE ASTECH 4FEUX 60X60 FULL OPTION+ECRAN,Plateau Dakar,259000,Neuf,https://i.roamcdn.net/hz/ed/listing-thumb-543w/67f3c766d8f27715bc400e80fb425c3a/-/horizon-files-prod/ed/picture/q56x04e0/0d2f08585c0cb678f8bd4d12db147ea663eacbbf.jpg
Friteuse Electrique KENWOOD,Plateau Dakar,70000,Neuf,https://i.roamcdn.net/hz/ed/listing-thumb-543w/bcd74c2982f8f3dbc19cf9fc2d8c61c1/-/horizon-files-prod/ed/picture/qm55gq8w/386e2debc70235b730bab5fa6d77b6f5911ea56c.jpg
La friteuse à air 6L,Plateau Dakar,55000,Neuf,https://i.roamcdn.net/hz/ed/listing-thumb-543w/5591c7b5d67c179cf6dd167e70e8e577/-/horizon-files-prod/ed/picture/qkrr9vvv/231cf07bf294db00d021d02c53ac3cc5be442b6f.jpg
CUISIERE CAC 4FEUX 60X60 NOIR A GAZ,Plateau Dakar,119000,Neuf,https://i.roamcdn.net/hz/ed/listing-thumb-543w/97f7395307438951daa5f8d780823881/-/horizon-files-prod/ed/picture/q6xk9qxv/3aba401323a0c797c08c4159aa951280d3f1896e.jpg
Plaque chauffante double – électrique,Grand-Dakar Dakar,13500,Neuf,https://i.roamcdn.net/hz/ed/listing-thumb-543w/6cfeeb3fdc19c82c5a4f2bbaa096543c/-/horizon-files-prod/ed/picture/qngxjj2e/08fc99dff98de804e543f23b9a59e809c5d86adb.png
Machine Tacos Grill 1800w,Hlm Dakar,28000,Neuf,https://i.roamcdn.net/hz/ed/listing-thumb-543w/0ae3a7c6718979ac5fbe300eec508c44/-/horizon-files-prod/ed/picture/qngxqmrg/807f1d84949662428eaf084dcc937f490480c44b.jpg
CUISISINIERE HAIER 4FEUX 1FEU ELECTRIQUE ET 3FEUX A GAZ,Plateau Dakar,169000,Neuf,https://i.roamcdn.net/hz/ed/listing-thumb-543w/e93dc8dca8832de818fc3deb0072f9b6/-/horizon-files-prod/ed/picture/q2jq689k/d17d73433fd3cea024d3688e330dc8d1077288ce.jpg
CUISINIERE HAIER 5FEUX INOX FOUR ELECTRIQUE 90x60,Plateau Dakar,319000,Neuf,https://i.roamcdn.net/hz/ed/listing-thumb-543w/685efd923ffd249c5835776464849801/-/horizon-files-prod/ed/picture/qj4re5kg/4cacfba46b534f67fb3a5b35dc7af2ffa61388cf.jpg
Roch cusiniere 90×60 full option inox 5feux,Colobane Dakar,250000,Neuf,https://i.roamcdn.net/hz/ed/listing-thumb-543w/5d85019094d8381d4e6fe342deaa03ea/-/horizon-files-prod/ed/picture/qpd6ej7j/ebb329df4ca98310375fc80f278853c02df94ae7.png
CUISINIERE HAIER 5FEUX 1FEU ELECTRIQUE ET 4FEUX A GAZ,Plateau Dakar,289000,Neuf,https://i.roamcdn.net/hz/ed/listing-thumb-543w/dd373f71d7eef2f117edae3da0773ca6/-/horizon-files-prod/ed/picture/qpd6ejk2/f15b321d5a862e3b3436cf011e8f504fb2b021a3.jpg
Cuisinière 5 feux plus four 2 brûleurs...,Diamniadio Dakar,170000,D'occasion,https://i.roamcdn.net/hz/ed/listing-thumb-543w/ad14c0d960dfa9f780a35ded38fd84d6/-/horizon-files-prod/ed/picture/q448vpwv/8fcf7fb19e5b9a1e462e8f1d21f73198562bad13.jpg
Micro onde 20 litre,Colobane Dakar,37000,Venant,https://i.roamcdn.net/hz/ed/listing-thumb-543w/7796025dd70098ccb5174dc6720f2b1b/-/horizon-files-prod/ed/picture/qrzve585/e70a31a0835610758d8d50a03cb1c9a6d30c61e9.jpg
CUISINIÈRE 5FEUF SMART TECHNOLOGY FULL OPTION INOX,Plateau Dakar,259000,Neuf,https://i.roamcdn.net/hz/ed/listing-thumb-543w/a4629e402b1998c98466d348902d29e1/-/horizon-files-prod/ed/picture/q785z9d5/5f2992e847de553e3a020f52ded5a1005cb3da95.jpg
CUISINIERE 5FEUX SMART TECHNOLOGY INOX 80/60,Plateau Dakar,198000,Neuf,https://i.roamcdn.net/hz/ed/listing-thumb-543w/ada47aa19cf730f6054997aa46517c60/-/horizon-files-prod/ed/picture/q2jq652e/b24b0fa75110319c7f9a540dfc728a51c028a8d8.jpg
CUISINIERE 4FEUX SMART TECHNOLOGY 50x50 INOX,Plateau Dakar,89000,Neuf,https://i.roamcdn.net/hz/ed/listing-thumb-543w/9037df8af768af8bc2f20cdb94accf6e/-/horizon-files-prod/ed/picture/qzvd9e9q/8b4305dca2bcc163cb902306d65279f4c1aa8289.jpg
CUISINIERE HAIER 4 FEUX 60X60 GRIS NOIR HCR2040EGSB INOX,Fass Dakar,149900,Neuf,https://i.roamcdn.net/hz/ed/listing-thumb-543w/524809fb447cfc3b5e554de28fd9252d/-/horizon-files-prod/ed/picture/q56x0z55/77f50c2a994cac42c9e49f451711bdf6572fb50f.png
MACHINE A CUIRE LES ŒUFS ( CUISSEURS A OEUF),Plateau Dakar,16000,Neuf,https://i.roamcdn.net/hz/ed/listing-thumb-543w/2583f6ff97e2ea214ee435cad64a3f07/-/horizon-files-prod/ed/picture/qdekpzpw/0ee58f4752b673d7f04e1bc16c141e9e9bf5caac.jpg
GRILLE PAIN 2TRANCHES SMART TECHNOLOGY,Plateau Dakar,18500,Neuf,https://i.roamcdn.net/hz/ed/listing-thumb-543w/764a310cfe58b2060e478bd89cffd9e5/-/horizon-files-prod/ed/picture/q0gwjxjd/775293f2f429a611bc1dd8473ab7ed8a6a57f389.jpg
Cuisinière,Plateau Dakar,170000,Neuf,https://i.roamcdn.net/hz/ed/listing-thumb-543w/ae0e57c583d4f5507a4e0f82b8c2ddf3/-/horizon-files-prod/ed/picture/qx00zqj/960370299ddaf5c1d3cfbf0bfd065378e883d5a5.jpg
Micro onde 20 litre,Colobane Dakar,38000,Venant,https://i.roamcdn.net/hz/ed/listing-thumb-543w/c5f5634a566732926acec2d253529da3/-/horizon-files-prod/ed/picture/qv4e6gkg/f9821b79748fec0f20fefa3aad8b378914db647b.jpg
CUISINIERE CAC 4FEUX 50X50 INOX,Plateau Dakar,98000,Neuf,https://i.roamcdn.net/hz/ed/listing-thumb-543w/b5eb183e576eb9113720f2e933f66248/-/horizon-files-prod/ed/picture/qenqeemj/4ac2615b8b462be37ac72b85ef00ec6f746b06df.jpg
Cuisinière astech 4feux 50/50,Plateau Dakar,85000,Neuf,https://i.roamcdn.net/hz/ed/listing-thumb-543w/f0435a3e4141eaa3676bffcecfacdeb1/-/horizon-files-prod/ed/picture/qv4ppq9g/f16cde4f5b7bc238470b7a92e703e74b3d3f286b.jpg
FOUR ENCASTRABLE Haier CHALEUR TOURNANTE ELECTRIQUE60/60 HOD,Médina Dakar,225000,Neuf,https://i.roamcdn.net/hz/ed/listing-thumb-543w/4376248389f28df07b50971da15b6699/-/horizon-files-prod/ed/picture/q56x0evg/206d5d2727a54e462c07e0cdf61ed63ffbab015e.png
Plaque Haier HOD-660 Induction 60X60cm 4 Zones,Médina Dakar,200000,Neuf,https://i.roamcdn.net/hz/ed/listing-thumb-543w/aea6905380c224e62c716657c1ce2b81/-/horizon-files-prod/ed/picture/qm5pex4r/5a0ec6593da915fc6ae66f66eebab7fc357cbf39.png
PLAQUE HAIER ENCASTRABLE INDUCTION 90X60 HOD-9900,Médina Dakar,220000,Neuf,https://i.roamcdn.net/hz/ed/listing-thumb-543w/aaff446f6dcadf59028ad5fe86535dc8/-/horizon-files-prod/ed/picture/qv4e67vw/4aa7b6f9702f9a8222de5a331dc69d5bf9fbc656.png
PLAQUE ENCASTRABLE Haier A GAZ NOIR 4 FEUX 60X60 HOB 760B,Médina Dakar,120000,Neuf,https://i.roamcdn.net/hz/ed/listing-thumb-543w/2bf8defef25a53a68a9d083cde30c4e1/-/horizon-files-prod/ed/picture/qm5pexqq/ea41ca79ccaeabde06bdbd170ff0a6b1639c0520.jpg
Four encastrable,Mermoz Dakar,150000,D'occasion,https://i.roamcdn.net/hz/ed/listing-thumb-543w/0009c5e2dc7ae7236c5835c4f360e548/-/horizon-files-prod/ed/picture/qkrgewe2/aaf9c1e041ec04982ad8aa2f874658ab17f0b0e7.jpg
FRITEUSE À AIR 8LITRES DECAKILA 1800W,Plateau Dakar,59000,Neuf,https://i.roamcdn.net/hz/ed/listing-thumb-543w/6e3cecdf9f91ab69d12cb01f6004f7cf/-/horizon-files-prod/ed/picture/q0gwrpgk/4a8c5589733c7d00f4c46e5d197df1b0b5e6ac90.jpg
CUISINIERE LG 5FEUX 90X60 SILVER GAZ,Plateau Dakar,489000,Neuf,https://i.roamcdn.net/hz/ed/listing-thumb-543w/bb718addcf5a8c29e24bd291eb606617/-/horizon-files-prod/ed/picture/qenq454z/dd2fb0e585a86981a445ce28e6306871ed839b48.jpg
Cuisinière à gaz 3 feux,Pikine Dakar,25000,Neuf,https://i.roamcdn.net/hz/ed/listing-thumb-543w/c2f1cf7d22582cbf2280f93ece6adcde/-/horizon-files-prod/ed/picture/qj4rkjvv/06cab4f3a4850ad6e85e008c53c6518d5862deab.jpg
Cuisiniere HAIER 4 Feux 50X50 1040EGS,Fass Dakar,89900,Neuf,https://i.roamcdn.net/hz/ed/listing-thumb-543w/0e824b88f4db6fa6bb4cfc7e237b24c8/-/horizon-files-prod/ed/picture/q9m9q675/63b15506143343cf8fca0bc04e1dd558685ca5af.png
Micro onde 20 litre CAC,Colobane Dakar,35000,Venant,https://i.roamcdn.net/hz/ed/listing-thumb-543w/9ea23833560d0c94162f3a80664fcbca/-/horizon-files-prod/ed/picture/q8v565e6/53c163355e48a64e7bb03fa46d3e89b417a8e296.jpg
Grille-pain/grill à four Silver Crest de 25 litres,Grand-Dakar Dakar,42000,Neuf,https://i.roamcdn.net/hz/ed/listing-thumb-543w/3fa95e6afb933f2061efadf25a62d51b/-/horizon-files-prod/ed/picture/qzvdmd7x/0341219d6a8c53e4898009ac4f3640915357ba60.jpg
crêpière professionnelle,Ouakam Dakar,149998,Neuf,https://i.roamcdn.net/hz/ed/listing-thumb-543w/a5a68a1142d5e3f02c89e422a3518591/-/horizon-files-prod/ed/picture/qdek6p98/f0f76aa38d62ee5720baf887d889944daa942644.jpg
Cuisinière à Gaz Besse - 3 Brûleurs,Castor Dakar,20000,Neuf,https://i.roamcdn.net/hz/ed/listing-thumb-543w/57cfaaa75db0bc86cf5d275f9d2fca00/-/horizon-files-prod/ed/picture/q8v5wz24/9e4009e21679cedaaacb013ba2d6dac66613e658.jpg
CUISINIERE 4 FEUX 60/60 CAC,Plateau Dakar,115000,Neuf,https://i.roamcdn.net/hz/ed/listing-thumb-543w/539109c90c227ac1a926d7b4a42bc996/-/horizon-files-prod/ed/picture/q56xjpm0/b9bc262aa10f2c34ff47a576923f95eff194d2af.jpg
CUISINIERE 4 FEUX 60 60 FUL OPTION,Plateau Dakar,120000,Neuf,https://i.roamcdn.net/hz/ed/listing-thumb-543w/c3fa8711f088b55e3a8a6b17f39e5343/-/horizon-files-prod/ed/picture/qwe24rqp/a53181e14feb5256d011b965e265eb937ba9c174.jpg
FOUR ÉLECTRIQUE +PLAQUE GAZ INDESIT 4FEUX INOX,Plateau Dakar,219000,Neuf,https://i.roamcdn.net/hz/ed/listing-thumb-543w/bcf499641d3f272a313632afb9ef0d49/-/horizon-files-prod/ed/picture/qwe24ge6/8c2d9e0b6c315634f62c40f0c1df2dadf46bd6f7.jpg
CUISINIERE 4 FEUX 50/ 50 ELEATRON,Plateau Dakar,85000,Neuf,https://i.roamcdn.net/hz/ed/listing-thumb-543w/3ec56553d4c6377062f5d6fa8332402e/-/horizon-files-prod/ed/picture/qenq495x/665e69a7e76fe92ed7e257be6d75f2fb8a6d1e2d.jpg
Robot pâtissier mélangeur Electrique 1000 w,Hlm Dakar,75000,Neuf,https://i.roamcdn.net/hz/ed/listing-thumb-543w/2dccc3233763fcca6602238fbe0549db/-/horizon-files-prod/ed/picture/qdek8240/239ef747b4c1b225bff6bf2657fcf89f3f48b9aa.jpg
CUISINIER HAIER 4 FEUX 50/50,Plateau Dakar,99000,Neuf,https://i.roamcdn.net/hz/ed/listing-thumb-543w/f094551c9cf3d4bd7d156e21b551c6df/-/horizon-files-prod/ed/picture/q8v56g0n/cf273fc96ada38d447cbbed88167b9e227f1e734.jpg
CUISINIÈRE TECHNOLUX 4FEUX 50X50 INOX,Plateau Dakar,89000,Neuf,https://i.roamcdn.net/hz/ed/listing-thumb-543w/13727c2c97083ba622a89025d71182f4/-/horizon-files-prod/ed/picture/qm5p2dwm/e5d48bfd2de0967968926b22dd977339e3b11b40.jpg
Machine à coudre,Plateau Dakar,20000,D'occasion,https://i.roamcdn.net/hz/ed/listing-thumb-543w/d22bd318f5e2c2a392451a01596a6386/-/horizon-files-prod/ed/picture/qpd6v29m/9d18f28dda83932272897bd0f9ca9d64b22fc8b6.jpg
Cuisinière 5 feux inox Technogas 90/60,Derkle Dakar,125000,Venant,https://i.roamcdn.net/hz/ed/listing-thumb-543w/5c317bf80310d27e4f532bc0970b4574/-/horizon-files-prod/ed/picture/q6xkp4pg/1cb191c3fd30ce969f5577cc7dadd511692710ae.jpg
CUISINIERE ASTECH 4FEUX 50/50,Ouakam Dakar,90000,Neuf,https://i.roamcdn.net/hz/ed/listing-thumb-543w/00db92fe6e7cc8bf1d5d73ffadbbbc19/-/horizon-files-prod/ed/picture/qj4mvjj5/8f08cb4645b89d92b9fdb7b80e07dbad87f5d555.png
Cuisinière portable 4 feux Winning Star,Point-e Dakar,35000,Neuf,https://i.roamcdn.net/hz/ed/listing-thumb-543w/cec3b5a5680b6ca1e5d3dd8df20f75d1/-/horizon-files-prod/ed/picture/q7856p6n/f9f6f0c7c814597ede68cdc2156413ac23c64d49.png
CUISINIERE HAIER 4FEUX INOX 50/60,Ouakam Dakar,130000,Neuf,https://i.roamcdn.net/hz/ed/listing-thumb-543w/1b6bd7dd1ca7f0a8b24153f1a122039a/-/horizon-files-prod/ed/picture/qxj2pwjq/7974fe5788c57f85f2dca0c721eeeeb4245210f1.jpg
Cuisinière Astech,Plateau Dakar,79500,Neuf,https://i.roamcdn.net/hz/ed/listing-thumb-543w/7053a0864160918a81c24a7aad7c4cdc/-/horizon-files-prod/ed/picture/qj9g79e/a5ec2f8f234f4d27cff57b077b9628065d060d8c.jpg
Cuisinière 50/50,Plateau Dakar,90000,Neuf,https://i.roamcdn.net/hz/ed/listing-thumb-543w/af9f8a32dc0765ae9029faae6c74dfd9/-/horizon-files-prod/ed/picture/qq470nj6/914a83e0039aa5c74bf48dff0f4ffeb600306de5.jpg
PLAQUE DE CUISSON ENCASTRABLE 4 FEUX,Plateau Dakar,110000,Neuf,https://i.roamcdn.net/hz/ed/listing-thumb-543w/23d9efb9380b151367ab69df63d9258d/-/horizon-files-prod/ed/picture/qgqq20en/2f127c5b9d049f868b2fb128a01329d7bf6b5fa0.png
CUISINIERE 4FEUX TECHNOLUX 50X50,Plateau Dakar,89000,Neuf,https://i.roamcdn.net/hz/ed/listing-thumb-543w/d56a89e2970f6d6800a657001b7b8944/-/horizon-files-prod/ed/picture/q448kk72/bf404a37cb19f9de365c40a867c52263e5bd2a71.jpg
Cuisinière Astech 4 feux,Plateau Dakar,115000,Neuf,https://i.roamcdn.net/hz/ed/listing-thumb-543w/7117cd37c7164eba2bc081ede75bd219/-/horizon-files-prod/ed/picture/qv4ezm9w/db0cff6b468e049a260fb93027b6cfcab50430a8.jpg
CUISINIERE HAIER 4FEUX 50X50 SILVER 1040EGS,Médina Dakar,95000,Neuf,https://i.roamcdn.net/hz/ed/listing-thumb-543w/6a0dcdcdeb066942f9d052e218577638/-/horizon-files-prod/ed/picture/q7852e4n/4b88a475d865586fff3181014d5fd5bb7fe51cc9.jpg
Promotions CUISINIÈRE ASTECH 5 FEUX INOX,Plateau Dakar,280000,Neuf,https://i.roamcdn.net/hz/ed/listing-thumb-543w/309ac12ecd5e5b379777524b08660d13/-/horizon-files-prod/ed/picture/qz6knjq/3b075a90aac7a1f4d08a886e83bfbb9ae6730c65.jpg
CUISINIERE HAIER 4FEUX 50X50 NOIR A GAZ AVEC FOUR A GAZ,Plateau Dakar,98000,Neuf,https://i.roamcdn.net/hz/ed/listing-thumb-543w/c84c9e27adc9d5593b971239a2a03eba/-/horizon-files-prod/ed/picture/qwe24deg/d7e439cc814465b6ff0611e73170fb962ba21858.jpg
FOUR À MICRO-ONDES HAIER HEO60L-FB - 60 LITRES - 2000 W,Colobane Dakar,58000,Neuf,https://i.roamcdn.net/hz/ed/listing-thumb-543w/72a863c226a2e5b81615762f5d554c06/-/horizon-files-prod/ed/picture/qm5p2z59/e242b2499400b19902104d934e084c24ebdac6ce.jpg
Four avec 6 feux,Ngor Dakar,80000,D'occasion,https://i.roamcdn.net/hz/ed/listing-thumb-543w/619af5d19955d1c19a67aed052e7525c/-/horizon-files-prod/ed/picture/q448kep5/c89273b19c7ad4c97487e976196cfcc7ba80e7f7.jpg
Cuiseur de riz Carendo,Hlm Dakar,45000,Neuf,https://i.roamcdn.net/hz/ed/listing-thumb-543w/f217bb1738371cb1e85c761820109d1f/-/horizon-files-prod/ed/picture/qrzveqjx/7fe94f0b27a3e316162b9edec64f3f39539e52ba.jpg
Cuisinière Astech 5 feux,Plateau Dakar,199000,Neuf,https://i.roamcdn.net/hz/ed/listing-thumb-543w/31361885ae959b7427384bae223fbe90/-/horizon-files-prod/ed/picture/qgq9d258/4cb49bf6611253789c3089be6ad85225991ab48b.jpg
Cuisinière 6 feux astech,Plateau Dakar,164000,Neuf,https://i.roamcdn.net/hz/ed/listing-thumb-543w/3d7f596db333fae848806cabbd4ca080/-/horizon-files-prod/ed/picture/q8v5ev4x/9325d720a7e477d9e6a815611e03cf945a1c828d.jpg
CUISINIÈRE,Plateau Dakar,1,Neuf,https://i.roamcdn.net/hz/ed/listing-thumb-543w/bbfb24f733ed9bd7b60d42b8a5e47f41/-/horizon-files-prod/ed/picture/qpd6zdg2/1bf52cfa0754c3f2cf3a3d7e9ae5dc7b695fb201.jpg
Cuisinière astech 4 feux 60/60,Plateau Dakar,110000,Neuf,https://i.roamcdn.net/hz/ed/listing-thumb-543w/1c933b7301a7276ad8bee2641e777179/-/horizon-files-prod/ed/picture/qkrg4505/c2a472dc43ca1f08595a36d8c3f2ce931cce3f36.jpg
Cuisinière 5 feux,Plateau Dakar,1,Neuf,https://i.roamcdn.net/hz/ed/listing-thumb-543w/cde58d306f2a41a8c3a9a8bbdb5f7892/-/horizon-files-prod/ed/picture/q56wg5p7/93a4c4ad16ca387a311cfa5c9dff5ad4258afd2e.jpg
Cuisinière MIDEA 4 Feux 60x60,Plateau Dakar,200000,Neuf,https://i.roamcdn.net/hz/ed/listing-thumb-543w/849287a4144f9b5d17840be4627b7a53/-/horizon-files-prod/ed/picture/q2jzm4wg/a4bffab171f4505b1e7ebf0da4105c1c739b7e4a.jpg
CUISINER FERRE 5 FEUX 90/60 AVEC GRILLE FULL OPTION,Plateau Dakar,350000,Neuf,https://i.roamcdn.net/hz/ed/listing-thumb-543w/a5d4b69e7a2addc27fc4668a115540d5/-/horizon-files-prod/ed/picture/qqxm9gz/3eb1db870323077bab299a882d635e3463dc008b.jpg
Plaque cuisson 2 feux electriques,Plateau Dakar,17000,Neuf,https://i.roamcdn.net/hz/ed/listing-thumb-543w/a6ae005d8cdc7e06d36b992b2f1aeb90/-/horizon-files-prod/ed/picture/q0xg20j/6a65179abef30479c18ce8d1f5d1ea9a8f9bc7d8.jpg
Cuisinere A table 2 feux,Colobane Dakar,29900,Neuf,https://i.roamcdn.net/hz/ed/listing-thumb-543w/a8b0253ab0d238049c651ea9d3d0a4c1/-/horizon-files-prod/ed/picture/q785ej4j/8f93d9c55bfa155e17927bc80ec1fd091f73ffa8.jpg
MICRO ONDES SHARP 20 LITRES,Plateau Dakar,70000,Neuf,https://i.roamcdn.net/hz/ed/listing-thumb-543w/a44a384b08210bd840bb2dc1b7c4b074/-/horizon-files-prod/ed/picture/q0jwp0d/d73ebb3c385a3f96d76b582d3fe7c7226487a85f.jpg
Plaque de cuisson électronique Decakila,Hlm Dakar,9000,Neuf,https://i.roamcdn.net/hz/ed/listing-thumb-543w/7513640fa2caae1f80db746c191f4335/-/horizon-files-prod/ed/picture/qdekv09m/be0687902f060aa0f69457c9a9f45d7247954a36.jpg
cuisiniere 4feux boko,Ouakam Dakar,50000,Neuf,https://i.roamcdn.net/hz/ed/listing-thumb-543w/fdce7a6630d704c6334989c537c2bcc4/-/horizon-files-prod/ed/picture/qngxm0p9/206f9a9fb1b203c2b3974ada8fdc800064f1392b.jpg
CUISINIERE FERRE 4FEUX 50X50 GRIS A GAZ,Plateau Dakar,105000,Neuf,https://i.roamcdn.net/hz/ed/listing-thumb-543w/0d54b4108219507b5333635ca453e67c/-/horizon-files-prod/ed/picture/q448vrkp/f2bcdf4602b402428a489856eeb9e4f71905d52e.jpg
CUISINIERE FERRE 5FEUX 90X60 INOX A GAZ,Plateau Dakar,298000,Neuf,https://i.roamcdn.net/hz/ed/listing-thumb-543w/708d2734b2a5ab912b52d9b13f2cc2bb/-/horizon-files-prod/ed/picture/q8v5e9kr/2bfc019f845b27bbee03d2b9ca01574a3570e8a0.jpg
CUISINIERE MIDEA 5FEUX 90X60 INOX FULL OPTIONS,Plateau Dakar,298000,Neuf,https://i.roamcdn.net/hz/ed/listing-thumb-543w/969cd07b0ea1fa1bd7b9348a6e1dda36/-/horizon-files-prod/ed/picture/qm5pxjv2/7e73b2e9e94432be99f737d88b1f2ae3fa726400.jpg
cuisiniere astech 4feux 60/60,Ouakam Dakar,125000,Neuf,https://i.roamcdn.net/hz/ed/listing-thumb-543w/31ce78413f5c4ab9aed9c25dad966319/-/horizon-files-prod/ed/picture/qgq9x59m/2243fa740a821145a346748a5753aebd5fe478eb.jpg
CUISINIERE WESTPOOL 4 FEUX,Plateau Dakar,160000,Neuf,https://i.roamcdn.net/hz/ed/listing-thumb-543w/fc10251e5ef2c7273269d95acd0452c6/-/horizon-files-prod/ed/picture/qgq5xn7k/b80891f6cbda57a1257434f3869399d92e71ab53.jpg
Cuisinere 4 feux 5 feux,Cité keur gorgui Dakar,120000,Neuf,https://i.roamcdn.net/hz/ed/listing-thumb-543w/7dc8e2806a9bb6cdbd4807abb8596ef7/-/horizon-files-prod/ed/picture/qwe2v8rp/9fb34da5f5546ebc5906ded93982c8a89836fb1b.jpg
Batteur sur socle Tower 1000W 5L -,Grand-Dakar Dakar,65000,Neuf,https://i.roamcdn.net/hz/ed/listing-thumb-543w/26e6e7ff79ac46662c333b2d29067c80/-/horizon-files-prod/ed/picture/q0gw69e6/9f6f29b483fc9f89fbb520a954d89a9c7609ed09.jpg
Cuisinière Élactron 4feux 50/50,Ouakam Dakar,90000,Neuf,https://i.roamcdn.net/hz/ed/listing-thumb-543w/343402532c08e4312d774bd4f3782c41/-/horizon-files-prod/ed/picture/qxj2mvrz/8a33e283921f401766709caf16bc3ddd75cd56e3.jpg
Air fryer silvercrest 6L,Ouakam Dakar,50000,Neuf,https://i.roamcdn.net/hz/ed/listing-thumb-543w/3c2ec845a3f5d2a319bc2d952aeba920/-/horizon-files-prod/ed/picture/qkrg4v2j/e0ce205c100fe64241cd9e4e6815ba486839402d.jpg
Micro onde Samsung 23L beige,Colobane Dakar,39900,Venant,https://i.roamcdn.net/hz/ed/listing-thumb-543w/2eb4682c6f1ab14d53c007ab825b93f4/-/horizon-files-prod/ed/picture/q9m97e90/2c9cf80645f5d3cc7cfdb7baf7284ca28556a79e.jpg
Four ASTECH F06622GZ-60NOG-MA Gaz,Plateau Dakar,170000,Neuf,https://i.roamcdn.net/hz/ed/listing-thumb-543w/3602efabd12d797ce8e838431814310c/-/horizon-files-prod/ed/picture/q8v5x7gx/9fa282be8b059aa9b2e17ae1db2674732aab4c79.jpg
HOTTE DE CUISINE 60/60 TECHNOLUX AVEC SORTIE,Plateau Dakar,89000,Neuf,https://i.roamcdn.net/hz/ed/listing-thumb-543w/9f24d164ce3e5f7b0662683e885dd612/-/horizon-files-prod/ed/picture/q2jqen4j/929e375cd5862abb622b92d171097376125e51a6.jpg
HOTTE CUISINE 90/60 TECHNOLUX AVEC SORTIE,Plateau Dakar,115000,Neuf,https://i.roamcdn.net/hz/ed/listing-thumb-543w/e3395b9936da860cd7f35b7aaed75487/-/horizon-files-prod/ed/picture/q6xke4gn/55144ee33079a9724f8e5350f4eacdb472c8c4bb.jpg
Plaque de cuisson 4 feux gaz,Mbour Thiès,150000,Neuf,https://i.roamcdn.net/hz/ed/listing-thumb-543w/df1e75e1f6f15958635a30fceb51ae60/-/horizon-files-prod/ed/picture/q6xk2mqv/d9ab3b691bc1f1ca7e67d1330fa13c5502bf6e7b.jpg
MIOCRO FOUR TECHNOLUX ELECTRIQUE,Plateau Dakar,55000,Neuf,https://i.roamcdn.net/hz/ed/listing-thumb-543w/b79159520ba6cec8ed423f3c6201010c/-/horizon-files-prod/ed/picture/q6xkprpp/59ba70045b5a5db9a10d5ace3f7232ee0ecb4530.jpg
Cuisinière astech 5 feux,Mbao Dakar,195000,Neuf,https://i.roamcdn.net/hz/ed/listing-thumb-543w/85fa8b085cf7660ca7af56e95cd08f5b/-/horizon-files-prod/ed/picture/qxj20n0z/78c27e63c7cf9058e57577c68c8bf24b585fa8a5.jpg
Micro Four Haier 36L,Point-e Dakar,65000,Neuf,https://i.roamcdn.net/hz/ed/listing-thumb-543w/4f04fd21c396e2b531d2903d924de7e4/-/horizon-files-prod/ed/picture/qv4ej59j/826c9921b24f11dc49e3ffdfc8e2f46230721e00.jpg
CUISINIERE HAIER 5 FEUX 90X60 ROUGE HCR6050EGR,Plateau Dakar,275000,Neuf,https://i.roamcdn.net/hz/ed/listing-thumb-543w/7a2cd1e9176efe5cf17ef493ec2bf93e/-/horizon-files-prod/ed/picture/qenq0zv2/42db8ce617eefca1dbd3cc8d38ec337c47596d54.jpg
CUISINIERE CAC 4 FEUX 60X60 FULL OPTION INOX CAC60F,Plateau Dakar,125000,Neuf,https://i.roamcdn.net/hz/ed/listing-thumb-543w/437e058a6dfc60eb1a626943edba3903/-/horizon-files-prod/ed/picture/q6xke8q6/01ab24ec89261cba3e6d1b19953053e25041d82d.jpg
CUISINIERE ELACTRON 4FEUX 50X50 INOX EL5050,Plateau Dakar,100000,Neuf,https://i.roamcdn.net/hz/ed/listing-thumb-543w/e6380f9cc4d5dacb8f15d9d1f2f6c957/-/horizon-files-prod/ed/picture/qm5pxq7w/31d2d2726af6420795f057b4080cecc2546e53df.jpg
Air Fryer,Point-e Dakar,50000,D'occasion,https://i.roamcdn.net/hz/ed/listing-thumb-543w/727be6df46c1a19f3389daea0d6984f1/-/horizon-files-prod/ed/picture/qdekvqrj/99299eb2c1a35c4b5b63aeeb1324753a394ccd55.jpg
CUISINIERE 5FEUX ASTECH MINUTERIE FULL OPTION INOX 90X60,Plateau Dakar,249000,Neuf,https://i.roamcdn.net/hz/ed/listing-thumb-543w/2db918265ff09031fabe8942bd19d5fc/-/horizon-files-prod/ed/picture/q9m9ez8w/66f1676dc30b8e622670fd6d3063f6d5434f52ee.jpg
Cuisinière 50/50,Médina Dakar,85000,Neuf,https://i.roamcdn.net/hz/ed/listing-thumb-543w/61fa7b178ce01ca17ddf063ff1e8bd8d/-/horizon-files-prod/ed/picture/qg0rede/4cf6c5916d5129e87bf31ebe3173092bc74a9ced.jpg
HOTTE DE CUISINE BEKO ASPIRANT DÉCORANT 60X60 NOIR INCLINE,Plateau Dakar,220000,Neuf,https://i.roamcdn.net/hz/ed/listing-thumb-543w/415a0023f781f093f9391df399ba7cf7/-/horizon-files-prod/ed/picture/qv4err4m/dd31ab4e8da62c225c37c97c9ea6d3876e4dc03e.jpg
Cuisinière 5 feux,Dieuppeul Dakar,225000,D'occasion,https://i.roamcdn.net/hz/ed/listing-thumb-543w/9d9e9ccac1bac757dade327679c38ad8/-/horizon-files-prod/ed/picture/qrzvper8/7bc7ecf1c2bb5d42ea06a0d72e57dce2a536d490.jpg
Plaque cuisson à Gaz SAACHI,Plateau Dakar,80000,Neuf,https://i.roamcdn.net/hz/ed/listing-thumb-543w/428af675666e5274e16e27c4bb05c3d6/-/horizon-files-prod/ed/picture/qdeexqe0/9237a4076901481afd5fb502a7069ee379171f40.jpg
CUISINER ASTECH 5 FEUX AVEC GRILLE TORNO PROCHE,Plateau Dakar,197900,Neuf,https://i.roamcdn.net/hz/ed/listing-thumb-543w/35970fda13bfe5a2c7bd3f0aefce3e24/-/horizon-files-prod/ed/picture/q9xp5w8/9be1a785446a119b270035fb89f382d60e124502.jpg
Four électrique 38 litres Vegas,Grand-Yoff Dakar,39000,Neuf,https://i.roamcdn.net/hz/ed/listing-thumb-543w/68e763911bbb9f2395621ce6bc2a7066/-/horizon-files-prod/ed/picture/qwe2v4zp/584d066fe1ae0c0f8daa2de4256f64d03f9721d1.jpg
CUISINIÈRE TECHNOLUX 5FEUX INOX 90X60 FULL OPIONS,Plateau Dakar,234000,Neuf,https://i.roamcdn.net/hz/ed/listing-thumb-543w/ca67271fa2275a2f96e02614ae582a2a/-/horizon-files-prod/ed/picture/qngxm6xv/25effd30aa407f53399c052aeb82f9992908ceb7.jpg
Machine 3 En 1 Micro-onde Four Machine à Café,Grand-Dakar Dakar,35000,Neuf,https://i.roamcdn.net/hz/ed/listing-thumb-543w/e3a59acd3cf7db4c0bb854a96c2cd908/-/horizon-files-prod/ed/picture/qwe242v6/315f404accb95d1b3d68be354a60986981a06bf5.jpg
Allume Charbon Electrique Brûleur à Charbon Portable,Castor Dakar,12000,Neuf,https://i.roamcdn.net/hz/ed/listing-thumb-543w/75716f1dbec73fb7809750a1a285b4bd/-/horizon-files-prod/ed/picture/q566jzpr/2a58a4669e899f498589c7e923aebddcd7edc871.jpg
Cuisinière4feux tecnolux,Liberte 5 Dakar,130000,Neuf,https://i.roamcdn.net/hz/ed/listing-thumb-543w/f814d8a39541ca71f4bab2a4bd3f8e2a/-/horizon-files-prod/ed/picture/qq476jxn/2782b04dadd1e4b104a6fdda701b82fa84e2aa1e.jpg
"Friteuse à huile
2000W, 3L",Hlm Dakar,30000,Neuf,https://i.roamcdn.net/hz/ed/listing-thumb-543w/ef9a2bd31d66b7144a960532de6bfc2c/-/horizon-files-prod/ed/picture/q2jq6rgj/e799eca25994c863443cb0a2138205b56e259d49.jpg
Cuisinière astech 60/60,Plateau Dakar,125000,Neuf,https://i.roamcdn.net/hz/ed/listing-thumb-543w/7cdb4524b47b237e408cc2a99de4d9c6/-/horizon-files-prod/ed/picture/q0gweq4w/4499b7ee15e44f66a2949aa79985a27ab226d3e5.jpg
RECHAUD GAZ FONTE,Grand-Dakar Dakar,17500,Neuf,https://i.roamcdn.net/hz/ed/listing-thumb-543w/e22e4d7ba59d850d4e3e174f1b06f5aa/-/horizon-files-prod/ed/picture/q2jqwgwj/45874bf03769ebddc16a2e5479402e3eda6c7384.jpg
Cuisinière astech 4 feux inox,Plateau Dakar,87000,Neuf,https://i.roamcdn.net/hz/ed/listing-thumb-543w/de22c102ae8d4ce10aa96e764a0ed925/-/horizon-files-prod/ed/picture/q56wkkg7/3dc570fdf6de032b694fb9a741cdbe078e422552.jpg
Cuisinière Élactron 4feux 60/60 full options,Ouakam Dakar,130000,Neuf,https://i.roamcdn.net/hz/ed/listing-thumb-543w/7c19abecadea04be327944b14af4810a/-/horizon-files-prod/ed/picture/qngxvqnr/662f60388738e6eba7280cd6e3776e106d6a9bbd.jpg
Cuisinière électrique 4feux 60/60,Ouakam Dakar,280000,Neuf,https://i.roamcdn.net/hz/ed/listing-thumb-543w/6272391c16eccda10e1d06ba228ac8e9/-/horizon-files-prod/ed/picture/qv4e6w2x/6652a7b109d5915e36ed3fbdf188784ec4a02462.jpg
Cuisiniere Astech 50x50,Point-e Dakar,95000,Neuf,https://i.roamcdn.net/hz/ed/listing-thumb-543w/845348bf0fb1e90f3c83a1b8a38df69e/-/horizon-files-prod/ed/picture/qj4r02gv/39c7c80879deb55e7f8612de80c53ee2aa97af8e.jpg
Cuisinière 6 feux astech,Plateau Dakar,164000,Neuf,https://i.roamcdn.net/hz/ed/listing-thumb-543w/e6b950bd03092196f5ca7e4ea4306598/-/horizon-files-prod/ed/picture/q785k70e/f76406d7baddcc1295da2e54699af7490a5808c4.jpg
HAIER HEO36L-D1 - FOUR COMPACT 36L AVEC RÔTISSERIE,Médina Dakar,45000,Neuf,https://i.roamcdn.net/hz/ed/listing-thumb-543w/f55999cfce518c393fbad19baaa8a1b4/-/horizon-files-prod/ed/picture/qdek8jnm/98b8dc8ace0692088d7df4c5ef836aa02b5612ac.jpg
Cuisinière 4feu et 6feu,Plateau Dakar,85000,Neuf,https://i.roamcdn.net/hz/ed/listing-thumb-543w/c4d020b83e3022beaa397478360912c2/-/horizon-files-prod/ed/picture/qv4e2w98/057724303a1093d3d6901bd129f5a8a6aecabb53.jpg
Cuisinière astech,Plateau Dakar,79500,Neuf,https://i.roamcdn.net/hz/ed/listing-thumb-543w/9c4032f2b5c20d90d250b6eb72486f4a/-/horizon-files-prod/ed/picture/q785kjqd/f55a0c2877602e05e87864650d987894f2bfbda9.jpg
Cuisinière smart 4 feux,Plateau Dakar,94500,Neuf,https://i.roamcdn.net/hz/ed/listing-thumb-543w/35e82898d98a2fd87d7049fb93e937ce/-/horizon-files-prod/ed/picture/qenq6p24/305b7c3e5bf36d2df3745dbbd3307577a292469a.jpg
CUISINIERE ASTECH 4FEUX 60X60 AVEC ECRAN ET CHALEUR TOURN,Plateau Dakar,219000,Neuf,https://i.roamcdn.net/hz/ed/listing-thumb-543w/b2cc75c5421461b4826a2a182960ffaf/-/horizon-files-prod/ed/picture/qdek5d88/cf40da8da820279f47c6b2c5097a444cefcb0509.jpg
CUISINIERE ASTECH 4FEUX 60X60 +2FOURS,Plateau Dakar,279000,Neuf,https://i.roamcdn.net/hz/ed/listing-thumb-543w/c3a9916cce7424420c29dd3a735735e7/-/horizon-files-prod/ed/picture/q785kxe8/20484d5d1ca6ac20f44e818c92fe3e482bec3e56.jpg
FOUR ASTECH A GAZ 32LITRES SILVER,Plateau Dakar,53000,Neuf,https://i.roamcdn.net/hz/ed/listing-thumb-543w/a6ecd0121abce5cc99310fcf3e225b2d/-/horizon-files-prod/ed/picture/qgq9xwne/c2b50920531615e94bb8d52012ed75a59bea5bfb.jpg
FOUR ENCASTRABLE A GAZ ASTECH 60X60,Plateau Dakar,169000,Neuf,https://i.roamcdn.net/hz/ed/listing-thumb-543w/72724dbb03cabc0e0a54e1e39d250fc2/-/horizon-files-prod/ed/picture/qwe2dnvg/df43bae91e75b6f81ecb4d323444a6b0074be630.jpg
FOUR ENCASTRABLE ELECTRIQUE ASTECH,Plateau Dakar,269000,Neuf,https://i.roamcdn.net/hz/ed/listing-thumb-543w/6d98d48b5a77f8582a55c1b89dedba81/-/horizon-files-prod/ed/picture/q8v5jke9/c4338c23a94fcb5940104c418d1695770fcddf42.jpg
HOTTE DE CUISINE ASPIRANTE ASTECH 90X60 NOIR,Plateau Dakar,129000,Neuf,https://i.roamcdn.net/hz/ed/listing-thumb-543w/736ed013e95690e0f617b73933453277/-/horizon-files-prod/ed/picture/qrzvg6p5/7245768be1aec25edda6f98d7df29187b7239694.jpg
PLAQUE DE CUISSON 4FEUX A GAZ ASTECH,Plateau Dakar,89000,Neuf,https://i.roamcdn.net/hz/ed/listing-thumb-543w/a3f41ee9b5f674a294121dc2dea0a2d0/-/horizon-files-prod/ed/picture/qm5pzvx9/50a028c5f4900b43dfbaf06109cf2a4b2e04f4c9.jpg
PLAQUE 5FEUX ENCASTRABLE A GAZ ASTECH SILVER,Plateau Dakar,89000,Neuf,https://i.roamcdn.net/hz/ed/listing-thumb-543w/b6a76f791a8a6e2b470374e6bed92184/-/horizon-files-prod/ed/picture/qv4e2k0g/31f7e12b423920bf501851395702c2666b113ba4.jpg
PLAQUE 5FEUX ENCASTRABLE A GAZ ASTECH NOIR,Plateau Dakar,139000,Neuf,https://i.roamcdn.net/hz/ed/listing-thumb-543w/2d92ff5ae622226523525c0564b4eaa9/-/horizon-files-prod/ed/picture/q9m9pn2n/adf4b1703d83dc90ffbbe642a7c80f7cfb80f43f.jpg
HOTTE DE CUISINE ASTECH 90X60 BLACK,Plateau Dakar,149900,Neuf,https://i.roamcdn.net/hz/ed/listing-thumb-543w/29455227800bcb39fe368dad7e0b245f/-/horizon-files-prod/ed/picture/q9m9pg66/7e5a1d123f6342aae78974f70d2ff64eef1bbf8a.jpg
"Barbecue Grillade "" Promo Tabaski """,Almadies 2 Dakar,27500,Neuf,https://i.roamcdn.net/hz/ed/listing-thumb-543w/e80caa64742cdf837969ff2ecf64107c/-/horizon-files-prod/ed/picture/q785kgnm/28ce68c25f81da1094c3152709aeac52cc0ec318.jpg
Fourneau Electrique,Grand-Dakar Dakar,10000,Neuf,https://i.roamcdn.net/hz/ed/listing-thumb-543w/dd4e46bfb184bec8c71dc89745797bbd/-/horizon-files-prod/ed/picture/qwx5p7z/8fc3b6e41333a3988a9343555eecc3a2d9328100.jpg
Cuisinière Astech 4 feux,Plateau Dakar,79500,Neuf,https://i.roamcdn.net/hz/ed/listing-thumb-543w/8ad63b360fcbc43137ac804946ccbeac/-/horizon-files-prod/ed/picture/qzvd72er/e8755a2ff652b0448afb06716099da64d322de6c.jpg
Cuisinière Astech 4 feu,Mbao Dakar,110000,Neuf,https://i.roamcdn.net/hz/ed/listing-thumb-543w/10958126fbd2781b10b42b4761f40cd6/-/horizon-files-prod/ed/picture/q0gwqzzm/fce72fb97fc05c8b0ff8cf05e2baee666a20710b.jpg
FOUR À VENDRE,Thiaroye Dakar,60500,D'occasion,https://i.roamcdn.net/hz/ed/listing-thumb-543w/28dd02da4b1cf29f5dfebdd575caa3ed/-/horizon-files-prod/ed/picture/q0gwqzqg/5fb01c9bdbe651f34c6ba5116f482f803009d53f.jpg
MICRO ONDES SHARP 34 LITRES avec grille,Plateau Dakar,120000,Neuf,https://i.roamcdn.net/hz/ed/listing-thumb-543w/8f90b7e506b2f1dfbc3890b0f0e781b4/-/horizon-files-prod/ed/picture/qdq6jzr/bac0ec3d59f75e5e32348396fe7abf91939e5182.jpg
CUISINIÈRE FERRÉ 4 FEUX 50/50 AVEC GRILLE,Plateau Dakar,100000,Neuf,https://i.roamcdn.net/hz/ed/listing-thumb-543w/4842ce0580c60b78826a0e325f6f822d/-/horizon-files-prod/ed/picture/qmkq72m/db0197b10ac0f006980b4572bee2f3eff027c98e.jpg
CUISINIÈRE ASTECH FEUX 80/60 TORNO PROCHE,Plateau Dakar,210000,Neuf,https://i.roamcdn.net/hz/ed/listing-thumb-543w/d526fd0da68296b70a9fd9064e5711ab/-/horizon-files-prod/ed/picture/qxn99pn/36083a916b09b62293a7802af5237b1d9429dca2.jpg
CUISINIÈRE ASTECH 4FEUX 60X60 4FEUX ÉLECTRIQUE,Plateau Dakar,289000,Neuf,https://i.roamcdn.net/hz/ed/listing-thumb-543w/81ef788734c1fe8b89312c41b35f9495/-/horizon-files-prod/ed/picture/qm5pzkxj/5be311514979997e7d532ad98bbd69e5603a7100.jpg
Téléviseur smart 43 pouces Android,Plateau Dakar,115000,Neuf,https://i.roamcdn.net/hz/ed/listing-thumb-543w/31e3997d50f07628ea3fd0c2e7b55e0b/-/horizon-files-prod/ed/picture/qj4rnm24/22476d7ac244839efe0be4c5bce964e0367cc972.jpg
MINI-FOUR HAIER HEO42L-D1 - FOUR ÉLECTRIQUE POLYVALENT,Colobane Dakar,50000,Neuf,https://i.roamcdn.net/hz/ed/listing-thumb-543w/bc021c521158145d1e77400e5af391b2/-/horizon-files-prod/ed/picture/qrzv9gz5/13d304c42d70972cc322ded91175b811d619a83e.jpg
Cuisinière 4 feux,Guediawaye Dakar,120000,Neuf,https://i.roamcdn.net/hz/ed/listing-thumb-543w/f8cf075a762c4cf2bdf7b1d0d6ed9a78/-/horizon-files-prod/ed/picture/qxj25m78/36e3f0242bf59dc98f2eb162d460118fde26d5fd.jpg
Cuisinière Roch 4 Feux 50x50,Plateau Dakar,130000,Neuf,https://i.roamcdn.net/hz/ed/listing-thumb-543w/985659a6ad3d39eb32a4c119b9a9b0f1/-/horizon-files-prod/ed/picture/qwem4v6g/c4f7e3643034ee6f0945b991c3a741390ee65a0a.jpg
Cuiseur à Riz Electrique EVVOLI,Plateau Dakar,35000,Neuf,https://i.roamcdn.net/hz/ed/listing-thumb-543w/ca3e76bb4fff1a5aed24fc816c4a669c/-/horizon-files-prod/ed/picture/q44jqmje/4fb4b48d15329a08ce680559e3440fc848de6323.jpg
Micro onde 20 litre,Colobane Dakar,37000,Venant,https://i.roamcdn.net/hz/ed/listing-thumb-543w/e146fb7adb29921f2b2d9a9ba85beb71/-/horizon-files-prod/ed/picture/q2jq62xj/e8813f414adc1e35f83bdc4d267382bcfcf2b9cf.jpg
Cuisinière astech 4 feux60/60 full options,Médina Dakar,120000,Neuf,https://i.roamcdn.net/hz/ed/listing-thumb-543w/efbb5cfd8a2a5a6f0e5d4322c282d82e/-/horizon-files-prod/ed/picture/qrzve2kj/c48a32d6501e3dd0631c487dce1d1e7ec36c3dbe.jpg
Cuisinière ASTECH 4feux 50x50,Plateau Dakar,115000,Neuf,https://i.roamcdn.net/hz/ed/listing-thumb-543w/84010ab5616390fd828519aff1289b6a/-/horizon-files-prod/ed/picture/q6x7pg8d/22a92c2e441fd59c6015bf2dcfc296384e26b944.jpg
PROMO HOTTE DE CUISINE ASTECH 90/60 BLACK,Plateau Dakar,139000,Neuf,https://i.roamcdn.net/hz/ed/listing-thumb-543w/117cc0d7390568d230cea8ac0fbed72d/-/horizon-files-prod/ed/picture/qv4e26zj/74b5f44c983644007471b066263b26fbdc02fe7a.jpg
PROMO PLAQUE DE CUISINE ASTECH 5FEUX 90X60,Plateau Dakar,139000,Neuf,https://i.roamcdn.net/hz/ed/listing-thumb-543w/9358cab4cb8c7cfa295a9b464ae05e38/-/horizon-files-prod/ed/picture/qrzvge5q/26c29b92412bf1220b5faaccb8b85f4cbea674cf.jpg
PROMO PLAQUE DE CUISSON ASTECH 4FEUX 60X60 A GAZ,Plateau Dakar,98000,Neuf,https://i.roamcdn.net/hz/ed/listing-thumb-543w/fea8f237c031b377e9b6fa79f87d83cc/-/horizon-files-prod/ed/picture/qm5pzedg/2b54f58be4e3356c260230b2a7dd63600c1e8bba.jpg
PROMO PLAQUE DE CUISSON ASTECH 4FEUX 60X60 A GAZ,Plateau Dakar,89000,Neuf,https://i.roamcdn.net/hz/ed/listing-thumb-543w/9f52f081930b26d49aee6188c1fa680d/-/horizon-files-prod/ed/picture/qkrgwe2p/9d9b6791a6c34f4694d62729bf5d0d23b9ae45ea.jpg
PROMO HOTTE DE CUISINE ASTECH 60X60 BLACK,Plateau Dakar,98000,Neuf,https://i.roamcdn.net/hz/ed/listing-thumb-543w/e7d0c10d8c7b78cb3407e401b78abfec/-/horizon-files-prod/ed/picture/qzvd79eq/0aa711801b756cb67af1b658dae7bc1bc49e1aef.jpg
PROMO PLAQUE DE CUISSON ASTECH 5FEUX 90X60 A GAZ SILVER,Plateau Dakar,89000,Neuf,https://i.roamcdn.net/hz/ed/listing-thumb-543w/748f89840780787e1f5ce3002e3b67dd/-/horizon-files-prod/ed/picture/q6xkg9z8/9720126ed18427fb8fc9fab5edfa8228061b878d.jpg
PROMO FOUR ASTECH À GAZ 60X60 NOIR SILVER,Plateau Dakar,169000,Neuf,https://i.roamcdn.net/hz/ed/listing-thumb-543w/1436fb99fca258b64c1aab5dbf0580eb/-/horizon-files-prod/ed/picture/q0gwqj5j/7dbe2be160fcb238be6c8b7d980c7cdda49c8819.jpg
Hotte de cuisine encastrable en acier inoxydable 60 cm Type/,Hlm Dakar,178000,Neuf,https://i.roamcdn.net/hz/ed/listing-thumb-543w/214a1d0818c1835baaecefdcd3b620a9/-/horizon-files-prod/ed/picture/qpd6x6m4/4c83d23f6e98583dcacbd262f3e4f11ef2dff66d.jpg
Cuisinière Elactron 4 Feux 50×50,Plateau Dakar,110000,Neuf,https://i.roamcdn.net/hz/ed/listing-thumb-543w/f2efb286a43774d5f81d6fc63f9369bb/-/horizon-files-prod/ed/picture/qzv2m7xq/00079bddd88d3d6601475b40eca4195bcb9cc05f.jpg
Plaque cuissons,Plateau Dakar,35000,Neuf,https://i.roamcdn.net/hz/ed/listing-thumb-543w/031208f963b49eb364c6eee5012bf60f/-/horizon-files-prod/ed/picture/q0gg0z5j/fd95d8cb67be0ac6331259917185fb35b3f515b3.jpg
friteuse à air hisense 5.3l et 3.3l double,Ouakam Dakar,120000,Neuf,https://i.roamcdn.net/hz/ed/listing-thumb-543w/fcd9c962bcd4a288cb3d159ae2b37fec/-/horizon-files-prod/ed/picture/q2jqd042/f40efc50d3737b7944cc40d4f05c7d4cf0af8264.jpg
Plaque de cuisson à gaz 2 feux neuve norme CE,Almadies Dakar,12000,Neuf,https://i.roamcdn.net/hz/ed/listing-thumb-543w/13081e2b5f0eefbde130fd2394a9cbb8/-/horizon-files-prod/ed/picture/q6xkgpvp/07167acfcc55c67c69c164dfd9b6502b69d9de87.jpg
Micro onde encastrable 20 litres marque Taurus,Hlm Dakar,150000,Neuf,https://i.roamcdn.net/hz/ed/listing-thumb-543w/966144935182ba488860b90af49baa21/-/horizon-files-prod/ed/picture/qngxmkm9/9bc260845e668d913302660a5fd26694e8424d30.jpg
CUISINIÈRE SMART TECHNOLOGY 4FEUX50 INOXSTC-5050S,Plateau Dakar,85000,Neuf,https://i.roamcdn.net/hz/ed/listing-thumb-543w/7205eed05597d2fe80b3a7c97ca6e62b/-/horizon-files-prod/ed/picture/q56xmewr/680fe92c85a44100907baab64277a1de1a55a49c.jpg
PROMO FOUR ENCASTRABLE TECHNOLUX ÉLECTRIQUE 60/60 NOIR,Plateau Dakar,169000,Neuf,https://i.roamcdn.net/hz/ed/listing-thumb-543w/194c59c2335f8af8bd71cf4a5170a3b1/-/horizon-files-prod/ed/picture/qgq9vn49/ac5ca3620bc2c3ff585327e74ffaa2edd9e01628.jpg
PROMO FOUR TECHNOLUX ENCASTRABLE À GAZ NOIR,Plateau Dakar,159000,Neuf,https://i.roamcdn.net/hz/ed/listing-thumb-543w/a9298b31b8de951560681de473d57b8a/-/horizon-files-prod/ed/picture/qpd6xzn0/711ca5ecee7c1060edc2b7504f96e396588ad2fd.jpg
PROMO PLAQUE DE CUISSON ASTECH 4FEUX 60/60 A GAZ,Plateau Dakar,89000,Neuf,https://i.roamcdn.net/hz/ed/listing-thumb-543w/32508b359f652b3c273eda10544f867b/-/horizon-files-prod/ed/picture/qdek5vd2/a7320916db9fd10baef17e00be69055d578549d7.jpg
PROMO CUISINIÈRE SMART TECHNOLOGY 4FEUX 50/50 INOX,Plateau Dakar,85000,Neuf,https://i.roamcdn.net/hz/ed/listing-thumb-543w/1257dd866bfb55098a79414a7ef478bc/-/horizon-files-prod/ed/picture/qzvd7nr6/29b959b0defafc39ba48d3537c6f48afdedf8c67.jpg
Mini machine à pop-corn électrique portable Rh-903,Grand-Yoff Dakar,15000,Neuf,https://i.roamcdn.net/hz/ed/listing-thumb-543w/73222ffb478da53cb0c748843f8a9893/-/horizon-files-prod/ed/picture/qxjd7mv4/fdd254c39b0868f12861e476c468b99d4cf00f41.jpg
Mini four Saachi 30L avec plaques,Plateau Dakar,60000,Neuf,https://i.roamcdn.net/hz/ed/listing-thumb-543w/a86af7857c06d9ed993c14e5cbd75757/-/horizon-files-prod/ed/picture/q44895gv/2a8466b26b137050fa92aab74324ab0276d22e5d.jpg
micro onde sharp digital 20l,Ouakam Dakar,54900,Neuf,https://i.roamcdn.net/hz/ed/listing-thumb-543w/a2d793bbf6ba20c26920e474ec9b001f/-/horizon-files-prod/ed/picture/qgq9r5xn/8bc5a3cd7f152173ce5373f2ed3f4948db4516fe.jpg
Cuisinière Astech 4FEUX avec grill,Plateau Dakar,150000,Neuf,https://i.roamcdn.net/hz/ed/listing-thumb-543w/e663dbefa85089208a2c556aefb031a2/-/horizon-files-prod/ed/picture/qj4mknd8/c9533e332fd2241ea17fb9d42d4b5cac403dc4f8.jpg
FRITEUSE NIKAI NAF788A4,Plateau Dakar,49000,Neuf,https://i.roamcdn.net/hz/ed/listing-thumb-543w/c3d3a1edfa76f6e1937fb68c83e502e5/-/horizon-files-prod/ed/picture/q56x44d5/e88f457392e3d007acd9a602c48955e52dc87070.jpg
MINI FOUR ELECTRIQUE 50L,Plateau Dakar,80000,Réconditionné,https://i.roamcdn.net/hz/ed/listing-thumb-543w/826124bc96cf695102f8bfeba4b5dfba/-/horizon-files-prod/ed/picture/q448re6e/e50f30b374f081d3cfecd7eb6bd51ef912e5a133.jpg
CUISINIERE 4 FEUX MIDEA INOX,Plateau Dakar,150000,Neuf,https://i.roamcdn.net/hz/ed/listing-thumb-543w/7e9b54ac51d8516f9e38b84802491fe9/-/horizon-files-prod/ed/picture/q7884z9q/35ac762ce13c5383f7fbae3733ede5d5b6ac01d1.png
CUISINIERE 5 FEUX FINIX 90X60 INOX,Plateau Dakar,249000,Neuf,https://i.roamcdn.net/hz/ed/listing-thumb-543w/ca98d84ca2edf432e752a2f9a15fc841/-/horizon-files-prod/ed/picture/q9mm6n86/2ec0ee8d57573caa6eb0e729624f920efff37830.png
Congélateur astech ch160,Mbao Dakar,90000,Neuf,https://i.roamcdn.net/hz/ed/listing-thumb-543w/34faac39751cb1fda7912fa452634601/-/horizon-files-prod/ed/picture/qm5px8pq/c73acd92b434895facd768a310fe1a7748c79af8.jpg
PROMO FOUR ASTECH ENCASTRABLE ÉLECTRIQUE 90X60,Plateau Dakar,269000,Neuf,https://i.roamcdn.net/hz/ed/listing-thumb-543w/cd6941d0b604e907e7f7862187e72dfd/-/horizon-files-prod/ed/picture/q0gwm24e/1e9274747f17450dbb80ae85f712d35cb94932c1.jpg
PLAQUE HISENSE ENCASTRABLE 4FEUX 60X60 INOX HHU60GAGR,Plateau Dakar,110000,Neuf,https://i.roamcdn.net/hz/ed/listing-thumb-543w/9fd91a240f2a3c96406a7680167e1427/-/horizon-files-prod/ed/picture/qv4e7jrj/0b8c234dbe56c2d0b206b184fb19ba8af4989223.jpg
cuisiniere roch 4feux 50/50,Ouakam Dakar,90000,Neuf,https://i.roamcdn.net/hz/ed/listing-thumb-543w/c66fe683d806693beaf0bf1e2fe37dc3/-/horizon-files-prod/ed/picture/qwe20nj0/140dfa38b2686853a85dac952ded6673366fe9d4.jpg
Cuisinière Astech 4feux 60/60 full options,Ouakam Dakar,150000,Neuf,https://i.roamcdn.net/hz/ed/listing-thumb-543w/0e83e4f9b0bef9ee692ff7fe54d4caad/-/horizon-files-prod/ed/picture/qm5pz462/c70d4efa93383c95ee594ca1970d19cb60a4c411.jpg
PROMO CUISINIÈRE HAIER 4 FEUX 50X50 ROUGE,Plateau Dakar,94900,Neuf,https://i.roamcdn.net/hz/ed/listing-thumb-543w/8f0b1fb628cc714fd4804f18aa975630/-/horizon-files-prod/ed/picture/q9m94j27/f72621e1cc88cd7fa32378eef569a52fff63b7df.jpg
PROMO CUISINIÈRE HAIER 4FEUX 50X50 NOIR,Plateau Dakar,94900,Neuf,https://i.roamcdn.net/hz/ed/listing-thumb-543w/2304ed2b4c47459391b6005f7dc0f3b7/-/horizon-files-prod/ed/picture/q8v5q4r0/c2bd3c89096bcdeadd8c0affa1d5e59655d4a488.jpg
CUISINIÈRE ASTECH 4 FEUX 60/60CM AVEC GRILLE,Médina Dakar,140000,Neuf,https://i.roamcdn.net/hz/ed/listing-thumb-543w/91440fc6316ffa0d6aea9c0461fffb16/-/horizon-files-prod/ed/picture/qv4enwn8/9e3d9cf5ad7eeb0724df4816e9d431664e477bc2.jpg
CUISINIÈRE WESTPOOL4 FEUX 60/60 CM AVEC GRILLE TORNO PROCHE,Plateau Dakar,140000,Neuf,https://i.roamcdn.net/hz/ed/listing-thumb-543w/5a9a5a4e9a8908f7f95da30d38ad2fae/-/horizon-files-prod/ed/picture/qwe2qrmm/c2032c72776e87d3747930cd31df8092a404c7ff.jpg
Cuisinière Technolux 4 feux 50x50,Plateau Dakar,110000,Neuf,https://i.roamcdn.net/hz/ed/listing-thumb-543w/e7414b744bd0ac82cc9b6eacc17bc992/-/horizon-files-prod/ed/picture/qm5m2x79/c3d0dbaeaaee2c5f67792881867c5d45cc2461e4.jpg
Cuisinière BEKO 4FEUX 60x60,Plateau Dakar,240000,Neuf,https://i.roamcdn.net/hz/ed/listing-thumb-543w/a4dcdd1999e7a6b3ea867df0c8dde1ed/-/horizon-files-prod/ed/picture/q8v06j2x/9cbc019d9057a402531174090460db6899baac4f.jpg
Cuisiniers astech,Plateau Dakar,79500,Neuf,https://i.roamcdn.net/hz/ed/listing-thumb-543w/391a5699f0a8a2d1f6048b3dadf7cc93/-/horizon-files-prod/ed/picture/q0gw88mj/be802afd4230143da0d7f2f2032f054c8cc41b54.jpg
Monsieur cuisine,Hlm Dakar,130000,Neuf,https://i.roamcdn.net/hz/ed/listing-thumb-543w/592c7b4f5928c4a15a9d904918224991/-/horizon-files-prod/ed/picture/q0gwvpjg/3a0c6b3dffd1bd87c26d2375cedd7ace250f42d2.jpg
CUISINER ELECTRON 4 FEUX 57/57 INOX,Plateau Dakar,130000,Neuf,https://i.roamcdn.net/hz/ed/listing-thumb-543w/ab073afe1397b234486a464ad68d0d64/-/horizon-files-prod/ed/picture/q787xeex/f6aac67806816d628e148db7e2002ffce7d941b2.jpg
PROMO PLAQUE DE CUISSON ASTECH 5FEUX 90X60 A GAZ SILVER,Plateau Dakar,89000,Neuf,https://i.roamcdn.net/hz/ed/listing-thumb-543w/e92b00749956e6185caf20c157d39a4d/-/horizon-files-prod/ed/picture/qrzvdn02/98f74e616ba5decf84411bcef94c13d6f4e52eeb.jpg
