details,etat,adresse,prix,image_lien
CONGELATEUR XPER VERTICAL 6 TIROIRS PLAQ ALU GT245,Neuf,Plateau Dakar,250000,https://i.roamcdn.net/hz/ed/listing-thumb-543w/d1821aa8f1acd76da00b7e4384ed22cf/-/horizon-files-prod/ed/picture/qpdpv20r/36b640f2aa7c0d05f6a4f745eae31279c3515d20.jpg
REFRIGERATEUR ASTECH 3TIROIRS 180L A++,Neuf,Ouakam Dakar,200000,https://i.roamcdn.net/hz/ed/listing-thumb-543w/49dbc43259adbc04b7aaea75183f48db/-/horizon-files-prod/ed/picture/qv4p9z95/5fd33984f5aa5971be636669405be4a8d21513eb.jpg
CONGELATEUR WESTPOOL HORIZONTAL 300 LITRES,Neuf,Plateau Dakar,320000,https://i.roamcdn.net/hz/ed/listing-thumb-543w/2413e0e086612193571af62e322bad3f/-/horizon-files-prod/ed/picture/qrz2955g/bc5fe6946779eecfc4f59ab0fb4f9b92495bdd27.jpg
Congélateur vertical Hisense 5T,Neuf,Ouakam Dakar,200000,https://i.roamcdn.net/hz/ed/listing-thumb-543w/faa306f97c4676488cc4799b9cdb47f7/-/horizon-files-prod/ed/picture/qpd692nw/dffc962ee9c9150405371f22fe238e1f2a8c33f3.jpg
Réfrigérateur-congélateur Wolkenstein 262L,Neuf,Plateau Dakar,300000,https://i.roamcdn.net/hz/ed/listing-thumb-543w/cde886b5e880b6afc5946f3650486b8f/-/horizon-files-prod/ed/picture/qnggnzew/bf5f0d3bc6d9c3993675403ac2404685692981d7.jpg
FONTAINE ELACTRON AVEC FRIGO BLANC FN-566E,Neuf,Plateau Dakar,150000,https://i.roamcdn.net/hz/ed/listing-thumb-543w/463159167563da42f8607aa20ba2003a/-/horizon-files-prod/ed/picture/q0gwvenw/60b380d7c55bf70edcaabc49bd47e4c8ec8643eb.jpg
Réfrigérateur bar 1 porte DESKA,Neuf,Colobane Dakar,84900,https://i.roamcdn.net/hz/ed/listing-thumb-543w/4c01a534bfe598639a02687e3beb21b2/-/horizon-files-prod/ed/picture/qkrgwzk5/db64dcc32f99794a4ed1bd8fd461af8f3159be1d.jpg
Congélateur 250 litre Ascoli,Neuf,Colobane Dakar,120000,https://i.roamcdn.net/hz/ed/listing-thumb-543w/6342740955d344d0cf6fd7fd31913ff6/-/horizon-files-prod/ed/picture/qdek5gq0/ff7f7165b8db4483c8fd2fd3ea55c9332b6f42b9.jpg
CONGELATEUR HISENSE HORIZONTAL SILVER FC-19DD4SA,Neuf,Plateau Dakar,260000,https://i.roamcdn.net/hz/ed/listing-thumb-543w/c5799aac617e1e4c85237200358ba838/-/horizon-files-prod/ed/picture/qrzqkxk2/9ef340a47ee51646067a0110f749d612b70d3572.jpg
Congélateur smart t300 litre,Neuf,Plateau Dakar,164900,https://i.roamcdn.net/hz/ed/listing-thumb-543w/cc77262ec84b285bd5d2a079ea84b2a9/-/horizon-files-prod/ed/picture/qxj2mrgn/3897c686ab1b8d8d3991abc6410e9e2b75c123a0.jpg
Congélateur 500L,Neuf,Plateau Dakar,325000,https://i.roamcdn.net/hz/ed/listing-thumb-543w/918a8c9745fa8e4035f624ad06d078ab/-/horizon-files-prod/ed/picture/qgq9vn6m/49c6befc74cec6a7a85661a53cd4e7385ffad145.jpg
CONGÉLATEUR ASTECH CH 600S A+,Neuf,Plateau Dakar,360000,https://i.roamcdn.net/hz/ed/listing-thumb-543w/4d8290a09e504794c7fdb73ccf7c5272/-/horizon-files-prod/ed/picture/q0gwmk8d/03322efd4d36a2f348e6cde84070810e76d3af5b.jpg
Fontaine avec frigo deska,Neuf,Colobane Dakar,74900,https://i.roamcdn.net/hz/ed/listing-thumb-543w/067b22ea10c27673dfa10f0e0c9e74b4/-/horizon-files-prod/ed/picture/qgq9v6nk/e59ff21d85d0453ba12f40083790734d98d6f3b3.jpg
Congélateur ASTECH ch 280s très bon QUALITÉ,Neuf,Plateau Dakar,190000,https://i.roamcdn.net/hz/ed/listing-thumb-543w/0f63a8f7cb0b8f01620eeff0fbfea552/-/horizon-files-prod/ed/picture/qkrg4q8v/4aff9a834e53950f85b1097884c58dc7206e363b.jpg
CONGÉLATEUR ASTECH CH 600S A+ TRÈS BONNE QUALITÉ,Neuf,Plateau Dakar,370000,https://i.roamcdn.net/hz/ed/listing-thumb-543w/986a91d6cdfef8e634d173e4ef3a5376/-/horizon-files-prod/ed/picture/qwe2d7p4/1284fd1f6e8659ffe9877fdc5637711f19ed8c4f.jpg
Réfrigérateur ASTECH FSS690TD-DA Side by Side 3 Portes,Neuf,Sebikotane Dakar,550000,https://i.roamcdn.net/hz/ed/listing-thumb-543w/fdbccec330957bf6c2a391ecab0facc9/-/horizon-files-prod/ed/picture/q0gwqn58/25a5f5fcce1ee0cf92a6d6c267ee8c225835e71c.jpg
Congélateur Midea 417L,D'occasion,Amitié Dakar,250000,https://i.roamcdn.net/hz/ed/listing-thumb-543w/5c2db71237cf70b52218c9343aace242/-/horizon-files-prod/ed/picture/qv4e26dw/1d80e9a78d7aafaf76acae819c7ed61cb2113c98.jpg
Réfrigérateur Samsung en très bon état 280L,D'occasion,Amitié Dakar,250000,https://i.roamcdn.net/hz/ed/listing-thumb-543w/4a341d264782b0944d6a95183d887e56/-/horizon-files-prod/ed/picture/q448xv5m/716bc42c6cfeb60a3af2ecf0f119fc6580f48b7e.jpg
Réfrigérateur side by side Samsung,Venant,Colobane Dakar,374900,https://i.roamcdn.net/hz/ed/listing-thumb-543w/42c5aea3099554103c1782f456e16ac7/-/horizon-files-prod/ed/picture/qj4rnexe/30c69b812b193b8b5a31988b9e3e85390cf5073f.jpg
Réfrigérateur side by side Daewoo,Venant,Colobane Dakar,375000,https://i.roamcdn.net/hz/ed/listing-thumb-543w/e84848d6e09c30d050b68c2452b5ba20/-/horizon-files-prod/ed/picture/q6xkg956/19cc7dcfa1b1bb43695a0498799508b2c489e314.jpg
Réfrigérateur side by side,Venant,Colobane Dakar,374900,https://i.roamcdn.net/hz/ed/listing-thumb-543w/7b520301f9d291fdbd8092d353399cf8/-/horizon-files-prod/ed/picture/q9m9pqg5/f6f1c7816e90639b9b0058a9f021e72a5a7a2b21.jpg
Réfrigérateur side by side Samsung,Venant,Fass Dakar,374900,https://i.roamcdn.net/hz/ed/listing-thumb-543w/bfc38cbdb6c7ddfac7a299cd82ceb024/-/horizon-files-prod/ed/picture/qwe2d7wk/a85f1d7776a4310065bae103e0a20297142ddf53.jpg
Congélateur elactron 750L,Neuf,Plateau Dakar,375000,https://i.roamcdn.net/hz/ed/listing-thumb-543w/c920d7a92443a760b362f1fd7d03de1a/-/horizon-files-prod/ed/picture/qj4r9g98/d0da17655e7b6d449268df0a85a0f1e346b68f15.jpg
Réfrigérateur side by side Daewoo,Venant,Fass Dakar,374900,https://i.roamcdn.net/hz/ed/listing-thumb-543w/b2f958fbc87fdaa350db126b1c5c6d61/-/horizon-files-prod/ed/picture/q8v5jwgn/d284fe120778032649a05315843262c1af024e85.jpg
Réfrigérateur Samsung 3 tirois,Venant,Fass Dakar,199900,https://i.roamcdn.net/hz/ed/listing-thumb-543w/dec7f0f5f0cee9f68d14000145891296/-/horizon-files-prod/ed/picture/q785kzgq/e645b5d560bc0f50c07a49e76a30cca7c30c3bcd.jpg
Réfrigérateur vitrine PERONI,Venant,Fass Dakar,164900,https://i.roamcdn.net/hz/ed/listing-thumb-543w/57bffe6181d311cc45fc5873837b9e40/-/horizon-files-prod/ed/picture/q9m9pqg7/8880f730e9bf1f35e5dc35e938701b0678018f9a.jpg
Réfrigérateur,D'occasion,Keur Massar Dakar,230000,https://i.roamcdn.net/hz/ed/listing-thumb-543w/8f48e9b3574da46250706922892029d7/-/horizon-files-prod/ed/picture/qzvd569q/a8577c5866d2c7b3a6667ca7ea31fc919e5a0980.jpg
Congélateur horizontal Astech CH520WB 520L,Neuf,Plateau Dakar,247500,https://i.roamcdn.net/hz/ed/listing-thumb-543w/26f1d941f026d9282cecfb6a3c3acf1f/-/horizon-files-prod/ed/picture/qv4e2678/6adc8ef90e3e9681a58e8a70b0d496ebe01653a1.jpg
Congélateur horizontal Astech CH920AC 920L,Neuf,Plateau Dakar,700000,https://i.roamcdn.net/hz/ed/listing-thumb-543w/eb68948065c4f7340e238a8692b785bf/-/horizon-files-prod/ed/picture/qq47mem4/9eb018d6f2ddaa80b3ffeab50750b1f689d436e2.jpg
CONGELATEUR ASTECH CH800GM,Neuf,Plateau Dakar,390000,https://i.roamcdn.net/hz/ed/listing-thumb-543w/169482db1c93a1d9d66c3d30180a3f18/-/horizon-files-prod/ed/picture/q448xvx8/0d4bf5dad17d0813f227efe04c37a3990684cc9b.jpg
CONGELATEUR CH700GM HORIZONTALE ASTECH,Neuf,Plateau Dakar,365000,https://i.roamcdn.net/hz/ed/listing-thumb-543w/30531bdfe300091376c1ad4545ca6066/-/horizon-files-prod/ed/picture/qgq9vev4/6bf1406791027441a7064566842cb36c1f5b9c30.jpg
Congélateur horizontal Astech Ch400GM 400L,Neuf,Plateau Dakar,215000,https://i.roamcdn.net/hz/ed/listing-thumb-543w/260df041606f39907af4c646f996f0a7/-/horizon-files-prod/ed/picture/qdek5p5j/d04c577cdf46080a48375da04de1865adfb5ea5c.jpg
CONGÉLATEUR FINIX BD 200 LITRES,Neuf,Médina Dakar,160000,https://i.roamcdn.net/hz/ed/listing-thumb-543w/96b3bb31118a549b783123cc2cfbcf2a/-/horizon-files-prod/ed/picture/qwe2dvm6/732cb5826d4fe6e99db3571efa4ba2566ebf96cd.jpg
CONGELATEUR HORIZONTAL ASTECH CH400W 400L,Neuf,Plateau Dakar,205000,https://i.roamcdn.net/hz/ed/listing-thumb-543w/a13d10ad3a08fbadb78ae8d7e59389cf/-/horizon-files-prod/ed/picture/qenq6e6z/e6d7841f224d8f7e0c0d077abe475b2701270bd7.jpg
Congélateur horizontal Astech CH300IG 300L,Neuf,Plateau Dakar,160000,https://i.roamcdn.net/hz/ed/listing-thumb-543w/bf560aa8f6abee51e8d4468127227aca/-/horizon-files-prod/ed/picture/qv4e2628/b8196efd6f2500a1133a05dd03d0d580fed8a2d1.jpg
Congélateur horizontal Astech CH280W 280L,Neuf,Plateau Dakar,138500,https://i.roamcdn.net/hz/ed/listing-thumb-543w/6992fba28715311379382a34da2ab570/-/horizon-files-prod/ed/picture/q8v5jwqz/2d2d5472491a1ad351f7b03e7f418fe1169a6837.jpg
Congélateur horizontale ASTECH CH195W 195L,Neuf,Plateau Dakar,118000,https://i.roamcdn.net/hz/ed/listing-thumb-543w/1f2453aabadbd2e679202a40a0fef57e/-/horizon-files-prod/ed/picture/qgq9ve24/6be000fe27248a77a984fe3fb005ddfd85529304.jpg
Congélateur Astech 280L A+,Neuf,Ouakam Dakar,160000,https://i.roamcdn.net/hz/ed/listing-thumb-543w/e1db5a6ea141c773b42fcc1a77ef0060/-/horizon-files-prod/ed/picture/qxj25v48/06bb0e3a8d9667a9a620ac5fc9d2fca1a251058f.jpg
Congélateur horizontal CH-160 Astech,Neuf,Plateau Dakar,92500,https://i.roamcdn.net/hz/ed/listing-thumb-543w/d20083e53ffc5461dd05a0c10006143f/-/horizon-files-prod/ed/picture/qdek5pxj/e66e3379834aacbae845c91a449ba8bf5c3ed560.jpg
Congélateur horizontal ROCH rcf400,Neuf,Plateau Dakar,215000,https://i.roamcdn.net/hz/ed/listing-thumb-543w/0d2820b77e02a623aad39abe26e2e604/-/horizon-files-prod/ed/picture/q448xkn9/672cf185ed6f2791656f28da75999a88db7edf42.jpg
Congélateur horizontal ROCH RCF700,Neuf,Plateau Dakar,359900,https://i.roamcdn.net/hz/ed/listing-thumb-543w/f9655bed4b37a2dfdcd3acc906589aa5/-/horizon-files-prod/ed/picture/qdek589w/7c04eaee1f7118d94b1f954b305ded42f86fad54.jpg
CONGELTEUR SMART TECHNOLOGY,Neuf,Plateau Dakar,160000,https://i.roamcdn.net/hz/ed/listing-thumb-543w/66bf5a2f914cdc21c43c8e3e4ebc4891/-/horizon-files-prod/ed/picture/qenq60nx/a2418556c0800d246a842eea378d8f9e5dcf368b.jpg
CONGÉLATEUR SMART TECHNOLOGY,Neuf,Plateau Dakar,99000,https://i.roamcdn.net/hz/ed/listing-thumb-543w/4f409ef089d7566eef0be45d123f6cc5/-/horizon-files-prod/ed/picture/q448xzjz/996838aebd68ef28562b07a47cae5cc8df99a1a5.jpg
CONGELATEUR HISENSE HORIZONTAL 660LITRES SILVER,Neuf,Plateau Dakar,415000,https://i.roamcdn.net/hz/ed/listing-thumb-543w/dd0a3c2814dae680ef8a1d63238e5da3/-/horizon-files-prod/ed/picture/qrzvgpr5/d0cca3a99d70a75d5480c44e0dd7741751d87479.jpg
RÉFRIGÉRATEUR 322LITRES ASTECH COMBINÉ 3TIROIRS,Neuf,Plateau Dakar,319000,https://i.roamcdn.net/hz/ed/listing-thumb-543w/4edfa2abb7605d9c6d494becf6d10548/-/horizon-files-prod/ed/picture/qrzvgp62/976e7d50d0c0f631290803ae50d146f857634feb.jpg
PROMO CONGÉLATEUR ELACTRON HORIZONTAL 150LITRES,Neuf,Plateau Dakar,110000,https://i.roamcdn.net/hz/ed/listing-thumb-543w/bae42a8b81d2e04116178efefa4b929b/-/horizon-files-prod/ed/picture/qdek5v22/3f8e3e2bf2440025bda98e5ce14d565395b9aa85.jpg
PROMO CONGÉLATEUR ASTECH HORIZONTAL 160LITRES,Neuf,Plateau Dakar,105000,https://i.roamcdn.net/hz/ed/listing-thumb-543w/5a1bbade4abde654e19729fff70e8eea/-/horizon-files-prod/ed/picture/q56xmezg/ffa821d67afd0e6a59a3ccf630f95948272829d1.jpg
PROMO CONGÉLATEUR 102LITRES SMART TECHNOLOGY HORIZONTAL,Neuf,Plateau Dakar,99000,https://i.roamcdn.net/hz/ed/listing-thumb-543w/199c26c4db9de8dc6784f22c4b91adc2/-/horizon-files-prod/ed/picture/q6xkgev4/af8eeebf26b29e87034d2769e10c8d8d44d2f93c.jpg
CONGELATEUR HISENS,Neuf,Point-e Dakar,220000,https://i.roamcdn.net/hz/ed/listing-thumb-543w/28f0ce2e78117a788375b718ac13f028/-/horizon-files-prod/ed/picture/q6xkge98/82059b8644f7546041ec0c5d37526e50cbca4e78.jpg
Réfrigérateur Astech 3 Tiroirs,Neuf,VDN Dakar,180000,https://i.roamcdn.net/hz/ed/listing-thumb-543w/5544073fd415be5471901561d251d992/-/horizon-files-prod/ed/picture/qq47mmqv/ad95fba2dfaf3cea805d90056223c8a43e99d663.jpg
Congélateur Astech 300 litres,Neuf,VDN Dakar,175000,https://i.roamcdn.net/hz/ed/listing-thumb-543w/71e877751bfd58ad41f6a43a3fcfa49e/-/horizon-files-prod/ed/picture/qxj255dm/39b5574bc7c4b3ec9d26e31d2742139ab4a71f97.jpg
Promo réfrigérateur vertical vitrine pepsi,Neuf,Plateau Dakar,264900,https://i.roamcdn.net/hz/ed/listing-thumb-543w/6c68ce57ae157968bdd431397ec55671/-/horizon-files-prod/ed/picture/q785kk5z/e00f9f3910a5f02c6def25786efa3692d733c3e9.jpg
Réfrigérateur 2 porte Candy,Venant,Colobane Dakar,110000,https://i.roamcdn.net/hz/ed/listing-thumb-543w/1b61cbaf8452e9b1bf9ad32e510fd3dd/-/horizon-files-prod/ed/picture/q9m9e7q5/67f3f26d1f7f574a8d985c4bd140543df9f8e37d.jpg
Réfrigérateur,D'occasion,Parcelles Assainies Dakar,80000,https://i.roamcdn.net/hz/ed/listing-thumb-543w/e7f13e4c5eb42611307253a3431b4b46/-/horizon-files-prod/ed/picture/qngx442z/72f38ff7283377b785b640576984e057dcacee4d.jpg
Congélateur icona horizontal,Neuf,Point-e Dakar,190000,https://i.roamcdn.net/hz/ed/listing-thumb-543w/c30f7211b0cdd176a82ffac71b21f71a/-/horizon-files-prod/ed/picture/qngx448g/dc9ce6b5b644ee7d1472507eda3cc1768f26b84f.jpg
Congélateur horizontal smart technologie 400L,Neuf,Point-e Dakar,185000,https://i.roamcdn.net/hz/ed/listing-thumb-543w/dc3d642f6cd84722e7680cd50213a623/-/horizon-files-prod/ed/picture/q448xxw5/465604405cdf16d61023a1e057f745f7ca9e07ec.jpg
CONGELATEUR SMART TECHNOLOGY,Neuf,Point-e Dakar,205000,https://i.roamcdn.net/hz/ed/listing-thumb-543w/dd186c90cb81c72b7edfe96c7752e676/-/horizon-files-prod/ed/picture/q9m9ppz0/fa15c06f1b96ce484ec42bb1d7dd6108e9b869db.jpg
CONGELATEUR ELECTRON HORIZONTAL 400L,Neuf,Point-e Dakar,205000,https://i.roamcdn.net/hz/ed/listing-thumb-543w/6856ed2256a5e865660175ea3e8e016b/-/horizon-files-prod/ed/picture/qgq9vvr8/21ab85228e98cd62f0f6222fab8e8331a55b9cb8.jpg
CONGELATEUR WHIRLPOOL HORIZONTAL 600L,Neuf,Point-e Dakar,310000,https://i.roamcdn.net/hz/ed/listing-thumb-543w/8144c63a654abc4ab1feaf68aa9c67f7/-/horizon-files-prod/ed/picture/q2jq44v2/bfe3077f7fbf7ed4db9cd5a99df16c2e07189011.jpg
Congélateur Beko 600L,Neuf,Ouakam Dakar,360000,https://i.roamcdn.net/hz/ed/listing-thumb-543w/c6888b572ad87424eacc94faed433397/-/horizon-files-prod/ed/picture/qzvd77k9/2b1d784b05b1c5eb3fdb4a1dceee956a7fddd467.jpg
CONGELATEUR SMART TECHNOLOGIE VERTICAL,Neuf,Point-e Dakar,180000,https://i.roamcdn.net/hz/ed/listing-thumb-543w/391f9c4c236dfe6deee673a642bc2832/-/horizon-files-prod/ed/picture/q785kkqe/652d53ed722bbdb973b7197f05f4d9a4b9174c6d.jpg
Congélateur vertical Astech,Neuf,Plateau Dakar,1,https://i.roamcdn.net/hz/ed/listing-thumb-543w/5728e26cd534341c113552ec7e3effb5/-/horizon-files-prod/ed/picture/q0gwqqez/a00e1b239dec94d98d2dc51c7b64aa1983a7972c.jpg
Frigo bar Astech,Neuf,Plateau Dakar,1,https://i.roamcdn.net/hz/ed/listing-thumb-543w/dc5619cc83f75961a3f0c53cdc75292c/-/horizon-files-prod/ed/picture/q9m9ppe6/69537491f4c67648b7e1c13fecb234f59a89dde1.jpg
PROMO RÉFRIGÉRATEUR 315LITRES ASTECH COMBINÉ 3TIROIRS,Neuf,Plateau Dakar,289000,https://i.roamcdn.net/hz/ed/listing-thumb-543w/f1323299beff06cf74170286057a9c26/-/horizon-files-prod/ed/picture/q785kn8n/c4e319ca681d430e73669952317f0d33fd67fbe3.jpg
PROMO RÉFRIGÉRATEUR 399LITRES CAC SIDE BY SIDE 2PORTES,Neuf,Plateau Dakar,429000,https://i.roamcdn.net/hz/ed/listing-thumb-543w/bffafa1b6f1c383f69f111cb4d0f11c7/-/horizon-files-prod/ed/picture/qv4e2npm/26de2525e3a056292e419812d63d7f49abe893c9.jpg
PROMO RÉFRIGÉRATEUR 531LITRES CAC SIDE BY SIDE 2PORTES,Neuf,Plateau Dakar,489000,https://i.roamcdn.net/hz/ed/listing-thumb-543w/8a2b08bd1d51168e4d14d2d9f7369205/-/horizon-files-prod/ed/picture/q9m9p488/2d70c2ec9f7c4e88a80b0758cba275a83346010c.jpg
PROMO RÉFRIGÉRATEUR 295LITRES DAEWOO COMBINÉ 3TIROIRS,Neuf,Plateau Dakar,279000,https://i.roamcdn.net/hz/ed/listing-thumb-543w/517bd722881dc67d17863c2348141635/-/horizon-files-prod/ed/picture/qngx4rdx/f35bd31ce3f9de0fa6b906080c2b278354f57d91.jpg
PROMO RÉFRIGÉRATEUR 295LITRES DAEWOO COMBINÉ 3TIROIRS,Neuf,Plateau Dakar,279000,https://i.roamcdn.net/hz/ed/listing-thumb-543w/8456949060f436b41030d9638827cde2/-/horizon-files-prod/ed/picture/qwe2dqzp/f494e14e73aef9c059ee06bea3063677c5788199.jpg
PROMO RÉFRIGÉRATEUR DESKA COMBINÉ 5TIROIRS,Neuf,Plateau Dakar,249000,https://i.roamcdn.net/hz/ed/listing-thumb-543w/a33002f78e5083c1ce7be97031edbac5/-/horizon-files-prod/ed/picture/q8v5jqzp/3cb3b6c4b6bd35fa736a632fe4bea7524b4700e4.jpg
PROMO RÉFRIGÉRATEUR 550LITRES ENDURO 2PORTES DEFROST,Neuf,Plateau Dakar,310000,https://i.roamcdn.net/hz/ed/listing-thumb-543w/002b2b361c993d1f4778868c9c6bf62e/-/horizon-files-prod/ed/picture/q448xedr/41b449b34bbaa43b7eae3f3545387af5a549d885.jpg
RÉFRIGÉRATEUR SMART TECHNOLOGY,Neuf,Plateau Dakar,85000,https://i.roamcdn.net/hz/ed/listing-thumb-543w/af66f56b072dfb0a864ef4fbe0341a3a/-/horizon-files-prod/ed/picture/q8v5jqp6/d20043665a7a576a2fd82b465270e442641bc4d0.jpg
Réfrigérateur a vendre,D'occasion,Liberte 2 Dakar,50000,https://i.roamcdn.net/hz/ed/listing-thumb-543w/52c2ff01b43803de619ca460da518c6a/-/horizon-files-prod/ed/picture/qj4rnvmd/691bf769c307cc380440cb2fb719f878d6129859.jpg
frigo astech 2portes 150l a+,Neuf,Ouakam Dakar,140000,https://i.roamcdn.net/hz/ed/listing-thumb-543w/9959d97d39efa7501624229c7577b7f9/-/horizon-files-prod/ed/picture/q448xr6r/463588b4bd8d1a3a7ced8be93930830538b3f92c.jpg
vente de frigo congelateur,D'occasion,Bel air Dakar,450000,https://i.roamcdn.net/hz/ed/listing-thumb-543w/2115799e1986a73f8800f46b320804ed/-/horizon-files-prod/ed/picture/q2jq4pme/9186c676804996ac80453c4dad242ff3e3992659.jpg
Réfrigérateurs enduro 3 tiroirs ino,Neuf,Mbao Dakar,205000,https://i.roamcdn.net/hz/ed/listing-thumb-543w/7403ebf8cd463dce261f6ba6d23fa3ac/-/horizon-files-prod/ed/picture/qv4e8rg5/91d498c0203ff02e8bfacbd2fbc5bc82bdf7cd44.jpg
Congélateur astech 300litres,Neuf,Plateau Dakar,175000,https://i.roamcdn.net/hz/ed/listing-thumb-543w/2759b8c1dae9275db27b30137878d983/-/horizon-files-prod/ed/picture/qj4j729d/ab65855c076f66c000412461d117b6c01c888104.jpg
Congélateur smart technology CH 350 silver,Neuf,Plateau Dakar,195000,https://i.roamcdn.net/hz/ed/listing-thumb-543w/3632b1a551b1e68d27ab7a06d5adb834/-/horizon-files-prod/ed/picture/qxj6g60m/589d01bef28be25f11248d82812921d2d479bc4c.jpg
vente de frigo congélateur,D'occasion,Bel air Dakar,449999,https://i.roamcdn.net/hz/ed/listing-thumb-543w/dd1fa05d04d4ef1c9940f62f39defa17/-/horizon-files-prod/ed/picture/q6xkg006/297138f3438cb95aa6b2aa58746ab36bddc6b6eb.jpg
Mini frigo à vendre,D'occasion,Ngor Dakar,45000,https://i.roamcdn.net/hz/ed/listing-thumb-543w/143bca3842cc28f05263c5fb10cde5a9/-/horizon-files-prod/ed/picture/qngx4rr0/825d4db3b66bf8b557b02163e87a63b9c7917f08.jpg
Réfrigérateur Enduro combiné 700L,Neuf,Plateau Dakar,590000,https://i.roamcdn.net/hz/ed/listing-thumb-543w/cdb39483d100d1ff5773743965977f99/-/horizon-files-prod/ed/picture/qwe2qmzd/d4aaca04af92470cde5b01fbdfbbc0ba8c7f6134.jpg
Réfrigérateur Enduro 2 portes 500L,Neuf,Plateau Dakar,325000,https://i.roamcdn.net/hz/ed/listing-thumb-543w/20d92b981cc07cc5ef9f54ae576f5798/-/horizon-files-prod/ed/picture/q6xkgqw4/013e4659c61dfe00d996a6640455e733ad307c0e.jpg
Réfrigérateur Elactron 3 Tiroirs 245L,Neuf,Plateau Dakar,390000,https://i.roamcdn.net/hz/ed/listing-thumb-543w/8d7f410317828895b3c296672c069020/-/horizon-files-prod/ed/picture/qwe20xxj/fc871ac3ed8f2587e5a78eac8aad3d910c64f01e.jpg
Congélateur Astech Horizontal 280L,Neuf,Point-e Dakar,175000,https://i.roamcdn.net/hz/ed/listing-thumb-543w/ba2b0314cfb2c1f812adc0adfbeab04f/-/horizon-files-prod/ed/picture/q8v5q04x/e19fd313c8dbcf66377fc7a4a44ffb7509e2a5fa.jpg
Réfrigérateur mini bar Haier HR-80VNBS – 50L,Neuf,Colobane Dakar,65000,https://i.roamcdn.net/hz/ed/listing-thumb-543w/8f2310a33b6c0537fe1bf14032a4200f/-/horizon-files-prod/ed/picture/qq47e0xn/d755427e6b3856c6cb639e1afa0472f4824136de.png
Congélateur 190L,Neuf,Sicap Liberté Dakar,109000,https://i.roamcdn.net/hz/ed/listing-thumb-543w/03a7e9dc39821252fcefb52d7733201e/-/horizon-files-prod/ed/picture/q9m94097/e0d76b5283fbe54a8d083a33a9d8100cd0219964.jpg
Congélateur 300L,Neuf,Sicap Liberté Dakar,179000,https://i.roamcdn.net/hz/ed/listing-thumb-543w/f715e6068df55af25095adb7daa12a75/-/horizon-files-prod/ed/picture/qv4enmgg/6940b026c2a7236763c0a647a7666a22d2aa099c.jpg
Congélateur 400L smart technology,Neuf,Sicap Liberté Dakar,210000,https://i.roamcdn.net/hz/ed/listing-thumb-543w/200707eb07bdab1adaf870413a7ba5ea/-/horizon-files-prod/ed/picture/q448ej29/51ea96287f09869ce3486a401f494357f2509603.jpg
Frigo congélateur,Neuf,Plateau Dakar,90000,https://i.roamcdn.net/hz/ed/listing-thumb-543w/de6a678f59a420b27f59d7e50ebdf5ae/-/horizon-files-prod/ed/picture/q8v5q08r/8033d8d37b61380966e2194212fb63a05acfe43e.jpg
PROMO RÉFRIGÉRATEUR 197LITRES ASTECH COMBINÉ 4TIROIRS,Neuf,Plateau Dakar,295000,https://i.roamcdn.net/hz/ed/listing-thumb-543w/3864dab24d038464d12142008c4efccb/-/horizon-files-prod/ed/picture/qq47p4qn/b48eb99e1a0db8d6114ec4fcb172de005284bba0.jpg
PROMO CONGÉLATEUR 185LITRES ASTECH VERTICAL 6TIROIRS,Neuf,Plateau Dakar,189000,https://i.roamcdn.net/hz/ed/listing-thumb-543w/de9cd374aa8175a4efd266f8c77bfa63/-/horizon-files-prod/ed/picture/q8v5qv07/304da5a7bdf00c921b38e4feea9375db73aff86a.jpg
PROMO CONGÉLATEUR 920LITRES ASTECH HORIZONTAL,Neuf,Plateau Dakar,750000,https://i.roamcdn.net/hz/ed/listing-thumb-543w/08cda2df708736e9ee6076e929aaf8a3/-/horizon-files-prod/ed/picture/qkrg9rrm/99be43e9716ec90a4173da60c2c80a9158d579e3.jpg
PROMO CONGÉLATEUR 400LITRES ASTECH SILVER,Neuf,Plateau Dakar,219000,https://i.roamcdn.net/hz/ed/listing-thumb-543w/df96d8c3c7fb034e9d2e05c9f72c73be/-/horizon-files-prod/ed/picture/qj4rv444/a4b27dd7e39ef4134313ac4f20828c8def2a0212.jpg
PROMO RÉFRIGÉRATEUR 337LITRES SMART TECHNOLOGY SIDE BY SIDE,Neuf,Plateau Dakar,549000,https://i.roamcdn.net/hz/ed/listing-thumb-543w/6e744d98e5b381ca34b63c7fe3068ac0/-/horizon-files-prod/ed/picture/qngxrggk/073c1bcd24fc8822cd35a67517324c50b261780f.jpg
PROMO RÉFRIGÉRATEUR 635LITRES SHARP SIDE BY SIDE 2PORTES,Neuf,Plateau Dakar,579000,https://i.roamcdn.net/hz/ed/listing-thumb-543w/f36b9346a9e98a75b6b9c5854590fc5c/-/horizon-files-prod/ed/picture/q8v5qvv7/52cee84e3f14b44a2917e3357499c1a8b10aa68d.jpg
Réfrigérateur bar 2 porte smart,Neuf,Colobane Dakar,89900,https://i.roamcdn.net/hz/ed/listing-thumb-543w/b5bfe03c7c976ef116271a8da1829ee1/-/horizon-files-prod/ed/picture/qm5p855z/01a4166919d9a45dcae5af61ac79cca20fa49266.jpg
PROMO CONGÉLATEUR 600LITRES WHIRPOOL HORIZONTAL BLANC,Neuf,Plateau Dakar,305000,https://i.roamcdn.net/hz/ed/listing-thumb-543w/d0ab34d011a6fdd1db0d22e51401864d/-/horizon-files-prod/ed/picture/qrzvdzz9/4d10c949a58b7b060fda2dfe0bc943f03f6093f8.jpg
Réfrigérateur Combiné Astech 3 Tiroirs,Neuf,Plateau Dakar,170000,https://i.roamcdn.net/hz/ed/listing-thumb-543w/927d74e808835eed1e8aa42db1c7d98d/-/horizon-files-prod/ed/picture/q787v0em/13eaaf650ba2001e29d24122d529aa498d502253.jpg
PROMO CONGÉLATEUR 800LITRES HAIER HORIZONTAL BLANC,Neuf,Plateau Dakar,529000,https://i.roamcdn.net/hz/ed/listing-thumb-543w/f8f44e6981fcfab9aeae10176e146e1a/-/horizon-files-prod/ed/picture/qj4rv4j4/5914855355ba33094abe23597230f22606928c37.jpg
PROMO CONGÉLATEUR 300LITRES FINIX HORIZONTAL,Neuf,Plateau Dakar,179000,https://i.roamcdn.net/hz/ed/listing-thumb-543w/869132fe08df0a8bcd5418567b869ffa/-/horizon-files-prod/ed/picture/qenqgn59/b7175fa5290e7e83834fe2b8ff9264bd112efc5b.jpg
Refrigerateur ENDURO 550 Litres RDS550BG,Neuf,Colobane Dakar,280000,https://i.roamcdn.net/hz/ed/listing-thumb-543w/3130cc8c2191a4b2f390350fc7583bc0/-/horizon-files-prod/ed/picture/qzvdmwj8/0f2d0dc5081cbfbbdf6b28d21bee1ea0d58ccb63.png
Frigo combiné,D'occasion,Ouakam Dakar,100000,https://i.roamcdn.net/hz/ed/listing-thumb-543w/b7ada9ab210516044a9810808b7ce5ae/-/horizon-files-prod/ed/picture/qngxrgdk/279d64f54c70da2f71e7e3d619acc6257aebc85c.jpg
Combiné Beko 3 Tiroirs 240L,Neuf,Plateau Dakar,230000,https://i.roamcdn.net/hz/ed/listing-thumb-543w/542fd4770b56ea16aaf975d2fd966732/-/horizon-files-prod/ed/picture/qj4r9mvr/cca4ab82a5440937994dc87b66d15a2a12684af8.jpg
REFRIGERATEUR COMBINE 252L FINIX 252,Neuf,Plateau Dakar,199000,https://i.roamcdn.net/hz/ed/listing-thumb-543w/cb591ba1e7481ee9f27cae9bc6a9b802/-/horizon-files-prod/ed/picture/qxj6epmn/83b8b580a00e7e6a51e4f64ed2650195da6c4d0d.png
REFRIGERATEUR SBS 620L FINIX 620 4 PORT,Neuf,Plateau Dakar,569900,https://i.roamcdn.net/hz/ed/listing-thumb-543w/820d9f307d98d669032469fbf680a021/-/horizon-files-prod/ed/picture/q8vzx470/5701c974af7d4ef5bd4fb24df4a23babb320c7a7.png
Frigo bar avec chambre froide 120l,Venant,Derkle Dakar,65000,https://i.roamcdn.net/hz/ed/listing-thumb-543w/6274a91c8ca1e6f5b6b954b63458b971/-/horizon-files-prod/ed/picture/q785n7jq/774153cd25b545b976c7151d4bae458919599d51.jpg
Congélateur Astech 280L,Neuf,Plateau Dakar,140000,https://i.roamcdn.net/hz/ed/listing-thumb-543w/c5fc2e4565920ab01d781b3f3e6c69b7/-/horizon-files-prod/ed/picture/q56x74z5/d7a2dedb97ba016f99d56889c13eb7c7e6607925.jpg
Réfrigérateur Combiné Astech 4 Tiroirs,Neuf,Plateau Dakar,225000,https://i.roamcdn.net/hz/ed/listing-thumb-543w/1747581c067a10ad6f8db0a482fd362b/-/horizon-files-prod/ed/picture/qv4enpkj/4d769eef9c62b92f2461f9895143f95b134c24e1.jpg
Congélateur Astech 400L,Neuf,Plateau Dakar,210000,https://i.roamcdn.net/hz/ed/listing-thumb-543w/9ec0c85c37559bb3073293a0754c0003/-/horizon-files-prod/ed/picture/q0gwm29j/7eb02babddd6958a3db9311821c6ad238eceb23a.jpg
CONGÉLATEUR ELACTRON EF 200 LITRES TRÈS BONNE QUALITÉ,Neuf,Médina Dakar,155000,https://i.roamcdn.net/hz/ed/listing-thumb-543w/05dd80a05263c802a131ab7423117283/-/horizon-files-prod/ed/picture/qpd6kw8j/b807fa203163a69a56b2204f91e0b1d701bfe3d3.jpg
PROMO CONGÉLATEUR 400LITRES ASTECH HORIZONTAL VITRINE,Neuf,Plateau Dakar,259000,https://i.roamcdn.net/hz/ed/listing-thumb-543w/6f04fc85a11a676f5b002741fb8e5b1d/-/horizon-files-prod/ed/picture/qxj246m8/6ddb353019d32896ffe19d5c2f32a117c52960f9.jpg
PROMO RÉFRIGÉRATEUR 336LITRES ASTECH COMBINÉ 3TIROIRS,Neuf,Plateau Dakar,289000,https://i.roamcdn.net/hz/ed/listing-thumb-543w/af77145b00c07c3804b1adf8787ccfaa/-/horizon-files-prod/ed/picture/qj4rvjgz/cd02b16abdd26a72ab806e1360c5e9262b9ecf45.jpg
PROMO RÉFRIGÉRATEUR 322LITRES ASTECH COMBINÉ 3TIROIRS,Neuf,Plateau Dakar,305000,https://i.roamcdn.net/hz/ed/listing-thumb-543w/840a3e4a0833eb019963f1bd6f0f5c06/-/horizon-files-prod/ed/picture/q8v5qz7z/b45ee8c69f24ba38053fded68679e536e7dbf2ca.jpg
PROMO FONTAINE ELACTRON AVEC FRIGO BLANC,Neuf,Plateau Dakar,73000,https://i.roamcdn.net/hz/ed/listing-thumb-543w/2518db72831bdfc21dc9fc57f65752cc/-/horizon-files-prod/ed/picture/qgq92g64/b6a95f1f5e3b4400e1eb7033ed16d18826082fdc.jpg
Frigo combiné deska 3TIROIRS,Neuf,Plateau Dakar,199900,https://i.roamcdn.net/hz/ed/listing-thumb-543w/061ea2809f1c8e658e13e943ec098ae3/-/horizon-files-prod/ed/picture/q2jqprxd/9ff4b47afb852bccd0e1b4c7489133b6842c5d85.jpg
Frigo combiné deska 4tiroir BF-309,Neuf,Plateau Dakar,199900,https://i.roamcdn.net/hz/ed/listing-thumb-543w/254db913dde8acd064b8cb4799b74b1a/-/horizon-files-prod/ed/picture/q6xk06jj/d9f7a7cbdb713411494dc4c14c45fe5039013fa6.jpg
Split 9000btu DESKA soit 1.25Cv,Neuf,Plateau Dakar,132000,https://i.roamcdn.net/hz/ed/listing-thumb-543w/9c63b4b01697b29fd64799ca90e32f77/-/horizon-files-prod/ed/picture/qwe2qz7m/6f3995152aa12f8246a9b8baa1e711ef8569ba9d.jpg
Split 12000btu DESKA soit 1.5Cv,Neuf,Plateau Dakar,143000,https://i.roamcdn.net/hz/ed/listing-thumb-543w/fc9ae0035fb5006f07298f9d1904189a/-/horizon-files-prod/ed/picture/q8v5qzwz/defd1f1c6edb09b1823821a9a0ff1dbb9627fea6.jpg
Split 9000btu astech soit 1.25Cv,Neuf,Plateau Dakar,143000,https://i.roamcdn.net/hz/ed/listing-thumb-543w/641ac6d0208ee97df554162bea6c95d5/-/horizon-files-prod/ed/picture/qgq92ge4/69cdf532dc0328d7049ea52c7e8ff1227d0dc656.jpg
Congélateur 600L horizontal astech CH600,Neuf,Plateau Dakar,312000,https://i.roamcdn.net/hz/ed/listing-thumb-543w/14b2b98ffdce1ef9272a309100dd4aad/-/horizon-files-prod/ed/picture/q785n7zz/fd14697718e33013a027b1632c160146f90638a6.jpg
PROMO CONGÉLATEUR 750LITRES ÉLECTRON HORIZONTAL,Neuf,Plateau Dakar,349000,https://i.roamcdn.net/hz/ed/listing-thumb-543w/1a0fb3e69cb836921c5180b4448aeb69/-/horizon-files-prod/ed/picture/q0gwm2je/b69484a7365033932a1358cb415174773c2796a4.jpg
Frigo combiné 3T 420L BEKO,Neuf,Plateau Dakar,325000,https://i.roamcdn.net/hz/ed/listing-thumb-543w/1f06760c5354ac214c2c08da5efac99d/-/horizon-files-prod/ed/picture/q6xxjmg6/3e42657f43b4c5885c354ad4b9944c45918279db.jpg
Frigo astech combiné 4T NOFROST,Neuf,Plateau Dakar,278000,https://i.roamcdn.net/hz/ed/listing-thumb-543w/b09e2380b30b6ef34a3956cd5e7f8f5f/-/horizon-files-prod/ed/picture/q8v5qz6z/f8b6e906ac8c0335d749ae97051d5bd81cb55c2c.jpg
PROMO CONGÉLATEUR 600LITRES HORIZONTAL VITRINE,Neuf,Plateau Dakar,369000,https://i.roamcdn.net/hz/ed/listing-thumb-543w/3cebf0b2bb20f8580ce4b2573a551c46/-/horizon-files-prod/ed/picture/qq47pd04/37aa08cc2866cc132498539848b64c38db6ca764.jpg
PROMO CONGÉLATEUR ÉLECTRON VERTICAL 6TIROIRS,Neuf,Plateau Dakar,219000,https://i.roamcdn.net/hz/ed/listing-thumb-543w/556adbe0d15f9a264a2b00b8590e0690/-/horizon-files-prod/ed/picture/q448edk8/4b8c210976bf94c6af4fe5674b4115f44395e2c9.jpg
PROMO CONGÉLATEUR 900LITRES ÉLECTRON HORIZONTAL,Neuf,Plateau Dakar,459000,https://i.roamcdn.net/hz/ed/listing-thumb-543w/430b0546ba84ee3c5d21f0f47a0c12aa/-/horizon-files-prod/ed/picture/qgq92gx4/846a9785cae461934fd7e794fbcfc3d1809ed411.jpg
PROMO RÉFRIGÉRATEUR 324LITRES ASTECH COMBINÉ 3TIROIRS,Neuf,Plateau Dakar,295000,https://i.roamcdn.net/hz/ed/listing-thumb-543w/7f94c1ceb53a39379eb6457bba712dd4/-/horizon-files-prod/ed/picture/qzvdg4mk/691f3b3613624a2f9455eadcaf1d4360d668d6f4.jpg
PROMO RÉFRIGÉRATEUR 529LITRES ELACTON SIDE BY SIDE,Neuf,Plateau Dakar,649000,https://i.roamcdn.net/hz/ed/listing-thumb-543w/71afacf8b5dd08455c95e0e6e29c5320/-/horizon-files-prod/ed/picture/qv4enp88/a1f30af6015774754c939cde6947ce43c53cb889.jpg
REFRIGERATEUR,D'occasion,Parcelles Assainies Dakar,60000,https://i.roamcdn.net/hz/ed/listing-thumb-543w/d0cb4fe747d460d5e0314928e998768c/-/horizon-files-prod/ed/picture/qq47p79n/8a3d6a5068aec5b7a0e5a08b39d968b27d502750.jpg
Ventilateur BINATONE à eau 20L BAC-20L,Neuf,Plateau Dakar,73500,https://i.roamcdn.net/hz/ed/listing-thumb-543w/74852397e0adf74355751cdcaf3fd717/-/horizon-files-prod/ed/picture/qxj242g0/cac5d5ee53f61772047e6f8a2d80e48a91d08f88.jpg
Réfrigérateur Astech FC280VT 4 tiroirs,Neuf,Plateau Dakar,220000,https://i.roamcdn.net/hz/ed/listing-thumb-543w/ca89b16397f9f7615a73fe1137c8e94d/-/horizon-files-prod/ed/picture/q785n5xg/6d572f0cf38634117bfcdc8c1b383c3f3d2c3934.jpg
Matériels venant d'Italie,Venant,Parcelles Assainies Dakar,2,https://i.roamcdn.net/hz/ed/listing-thumb-543w/842a9e34ae9b88314e8b556f732efec3/-/horizon-files-prod/ed/picture/q785n7mj/604151b8acf26e7d03b35be9772ed963f2592894.jpg
Réfrigérateur side bybside Daevoo,Venant,Colobane Dakar,375000,https://i.roamcdn.net/hz/ed/listing-thumb-543w/7b53edf0edde0503a3c8be2900da4cd4/-/horizon-files-prod/ed/picture/q8v5q5dp/256360f8ed7ac11ac20a1ec5502c07127f8a0bf3.jpg
Réfrigérateur side by side Samsung,Venant,Colobane Dakar,375000,https://i.roamcdn.net/hz/ed/listing-thumb-543w/66fb0f01074f5bcf1e0f536f39cbe654/-/horizon-files-prod/ed/picture/qpd6k67r/28502691354b87bbf28a0f04c7b3bd88744e47b4.jpg
CONGELATEUR ELACTRON HORIZONTAL 900LITRES SILVER EL39CFS,Neuf,Plateau Dakar,469900,https://i.roamcdn.net/hz/ed/listing-thumb-543w/970b3e19674293f2f818bbeac54ad8d2/-/horizon-files-prod/ed/picture/qxj20pn4/00327e1bd9c7b2b75a2dd8b5e07d1f4556c98381.jpg
Réfrigérateur bar Élactron 2portes,Neuf,Ouakam Dakar,100000,https://i.roamcdn.net/hz/ed/listing-thumb-543w/d6c2d705227a3330f03585e524194f21/-/horizon-files-prod/ed/picture/qq470d26/9e114f6aa0bd4484a20aa45890a1bd5f95a42d4a.jpg
congélateur astech 400l A+,Neuf,Ouakam Dakar,249999,https://i.roamcdn.net/hz/ed/listing-thumb-543w/3ce8ec63db85332f2c6c8f764e3e81ab/-/horizon-files-prod/ed/picture/qwe2dpkm/c748adfc0c872202a6661d35c614a51d43c8ba82.jpg
PROMO RÉFRIGÉRATEUR 53LITRES SMART TECHNOLOGY BAR 2PORTES,Neuf,Plateau Dakar,72000,https://i.roamcdn.net/hz/ed/listing-thumb-543w/7d200e1b86457adeffb0b846bfdfdf21/-/horizon-files-prod/ed/picture/qrzvd8v2/edeb18da740578a3a5ff4f9ad624099f13d173fb.jpg
PROMO CONGÉLATEUR 400LITRES SMART TECHNOLOGY HORIZONTAL,Neuf,Plateau Dakar,215000,https://i.roamcdn.net/hz/ed/listing-thumb-543w/4b1f22cbc76c923bb8a797adef7198e1/-/horizon-files-prod/ed/picture/qxj24ppj/c28e33ace4d5ac6bb77eb168fca55d81b59109e9.jpg
PROMO CONGÉLATEUR 250LITRES SMART TECHNOLOGY HORIZONTAL,Neuf,Plateau Dakar,139000,https://i.roamcdn.net/hz/ed/listing-thumb-543w/46f40427b657a4a0679b2c7ee5f9e8f9/-/horizon-files-prod/ed/picture/qenqgvv2/86cadace6f40f068a72a0171124d1da6d406227b.jpg
PROMO CONGÉLATEUR 200LITRES SMART TECHNOLOGY HORIZONTAL,Neuf,Plateau Dakar,129000,https://i.roamcdn.net/hz/ed/listing-thumb-543w/b27142c666a858e1946a4e0aebc2997f/-/horizon-files-prod/ed/picture/q2jqp0k8/6febc5a3c50b1721ec70d6b2b8715293bb960f84.jpg
PROMO RÉFRIGÉRATEUR 274LITRES ASTECH VITRINE,Neuf,Plateau Dakar,269000,https://i.roamcdn.net/hz/ed/listing-thumb-543w/21be1899de89c658d8815faf95e405e9/-/horizon-files-prod/ed/picture/qngxrp9e/99e1bfe59f7f93f9190ef95ecf9496b3de95b102.jpg
PROMO CONGÉLATEUR 206LITRES ASTECH 6TIROIRS NO FROST,Neuf,Plateau Dakar,279000,https://i.roamcdn.net/hz/ed/listing-thumb-543w/5c998d80098d309af41cd376e0980f69/-/horizon-files-prod/ed/picture/q8v5q4mj/beae4a12167ef86c8fa53acdc11bbb4029443d7d.jpg
PROMO CONGÉLATEUR 380LITRES ASTECH 7TIROIRS,Neuf,Plateau Dakar,379000,https://i.roamcdn.net/hz/ed/listing-thumb-543w/2c512d9bb73bad0a0084072394ce2bc9/-/horizon-files-prod/ed/picture/qxj24pgj/2ef66d5184a00f4e81ae1e44c998b8a3c423215c.jpg
PROMO RÉFRIGÉRATEUR 622LITRES ASTECH SIDE BY SIDE 2PORTES,Neuf,Plateau Dakar,498000,https://i.roamcdn.net/hz/ed/listing-thumb-543w/ffdbbdc7cf405645e1a6818711228f16/-/horizon-files-prod/ed/picture/q2jqp078/f47b26a3f8ad8ad0a8d22c7b89c324f7451541c9.jpg
PROMO RÉFRIGÉRATEUR 384LITRES ASTECH VITRINE 1 PORTE,Neuf,Plateau Dakar,329000,https://i.roamcdn.net/hz/ed/listing-thumb-543w/2c1e7dd32317842b4237bc0e0658e943/-/horizon-files-prod/ed/picture/q6xk0dn4/5e06c5893313de769f43fd4d2909645c357ddd84.jpg
PROMO RÉFRIGÉRATEUR 614LITRES SAMSUNG SIDE BY SIDE FAMILY,Neuf,Plateau Dakar,2200000,https://i.roamcdn.net/hz/ed/listing-thumb-543w/4e221529811625fdc0c8c74b854313e3/-/horizon-files-prod/ed/picture/qq47p29j/519889a6c57af7bb58804684aa55528a4ffd28b8.jpg
FRIGO COMBINÉ ASTECH FC 280S 4 TIROIRS A+,Neuf,Médina Dakar,280000,https://i.roamcdn.net/hz/ed/listing-thumb-543w/94689902ae59051545ae32439f4cb520/-/horizon-files-prod/ed/picture/qv4e28g2/818579fc1f8ffbfa9918371907e37add454261dc.jpg
PROMO CONGÉLATEUR 425LITRES HAIER HORIZONTAL BLANC,Neuf,Plateau Dakar,249000,https://i.roamcdn.net/hz/ed/listing-thumb-543w/c47e6fa00490549c1c9b94022287a2b4/-/horizon-files-prod/ed/picture/qzvdgp5q/9881fbfd0a4329bed881efd606dc637c87a42a83.jpg
CONGÉLATEUR 450LITRES HAIER HORIZONTAL INVERTER SILVER,Neuf,Plateau Dakar,259000,https://i.roamcdn.net/hz/ed/listing-thumb-543w/1abab0654ffc1ba9e0d9cf83197fc4b7/-/horizon-files-prod/ed/picture/qwe2qp5d/0dd8c943eb68e75d698d5c8d246b661b7e83ce07.jpg
PROMO CONGÉLATEUR 830LITRES FINIX HORIZONTAL 2PORTES COFFRE,Neuf,Plateau Dakar,469000,https://i.roamcdn.net/hz/ed/listing-thumb-543w/66b0a6acf475536a7f1ed180eb01e08f/-/horizon-files-prod/ed/picture/q8v5q420/4d78a5853c1dead8658abde774343fbbabd94c2e.jpg
PROMO CONGÉLATEUR 250LITRES ELECTROCOOL VERTICAL 9TIROIRS,Neuf,Plateau Dakar,329000,https://i.roamcdn.net/hz/ed/listing-thumb-543w/74d82c254acccbcdd8af2ca8177eaf99/-/horizon-files-prod/ed/picture/qgq92wkm/e872661d33ca3ebcc3a7acc9ef721113ff930bb1.jpg
Congélateur Haier hcf 478 600l,Neuf,Médina Dakar,300000,https://i.roamcdn.net/hz/ed/listing-thumb-543w/b5ba8b5ecfb550c91adfc59500f44f21/-/horizon-files-prod/ed/picture/qq47emmn/66945e4a27fd7c5035a96fc385ee613578f3300e.jpg
CONGELATEUR HAIER HORIZONTAL 900 LITRES BLANC HCF788,Neuf,Médina Dakar,530000,https://i.roamcdn.net/hz/ed/listing-thumb-543w/1d993369e59383ee414ef1a2789f2f44/-/horizon-files-prod/ed/picture/qpd6ezvj/7603e94ae64d774b9f3547c94ff91fd9bad4e4d5.jpg
Réfrigérateur combiné astech fc 280s 4 tiroirs A×,Neuf,Médina Dakar,290000,https://i.roamcdn.net/hz/ed/listing-thumb-543w/8bcc54c0b8b6c9f827460bf3c7b239b3/-/horizon-files-prod/ed/picture/q0gwmwex/a17fc1618b33dfb3e6c8e4986efd33fbc64f52cf.jpg
CLIMATISEUR TCL 12000BTU 1.5 CV R410,Neuf,Médina Dakar,195000,https://i.roamcdn.net/hz/ed/listing-thumb-543w/d0f85912721b966a8c3b4877af2fe5e7/-/horizon-files-prod/ed/picture/qj4rn0kg/51baead2d14fe861fe9b7de5df8403d3c242bd85.jpg
CONGÉLATEUR FINIX BD W 300LI,Neuf,Médina Dakar,210000,https://i.roamcdn.net/hz/ed/listing-thumb-543w/23dc9073d54ba0fb54d53e455c8b49ce/-/horizon-files-prod/ed/picture/qxj25v9m/6ed817324c196abcba4708561ecc8176d154dd0a.png
REFRIGERATEUR DESKA VITRINE 1 PORTE,Neuf,Plateau Dakar,250000,https://i.roamcdn.net/hz/ed/listing-thumb-543w/984c6daff7d06843a4e7f8741028645e/-/horizon-files-prod/ed/picture/q2jqenmj/b56157737ae3a434504745ccde437e785efce640.jpg
CONGELATEUR ELACTRON VERTICAL 7TIROIRS PLAQUE ALU EL73,Neuf,Plateau Dakar,310000,https://i.roamcdn.net/hz/ed/listing-thumb-543w/801ea359a02a03fd643850e20ff5a98a/-/horizon-files-prod/ed/picture/qwe24q7p/ee763b62cd8aca1ec153dea3fb3a363529ab4129.jpg
CONGELATEUR ELACTRON VERTICAL 7TIROIRS SILVER EL74UPX,Neuf,Plateau Dakar,279900,https://i.roamcdn.net/hz/ed/listing-thumb-543w/f77025e3cc068f83608b37bc3bdaea7b/-/horizon-files-prod/ed/picture/q448kegv/6560686322c5e72b0cf6f9438d7c936f7dad3149.jpg
CONGELATEUR ELACTRON HORIZONTAL 550LITRES SILVER EL75CFS,Neuf,Plateau Dakar,275000,https://i.roamcdn.net/hz/ed/listing-thumb-543w/2aceceb177f527d6be8defda89d0f984/-/horizon-files-prod/ed/picture/qwe24q60/d3c380b57b2845b489ea875411f2e1d850c7336a.jpg
"CONGELATEUR ELACTRON
HORIZONTAL VITRINE 250LITRES SD-165BY",Neuf,Plateau Dakar,220000,https://i.roamcdn.net/hz/ed/listing-thumb-543w/ff84eafb07c166f072c4d970bb6bcd07/-/horizon-files-prod/ed/picture/qkrgj4z5/4b9dd74a1c3fb40289717bec4cdc9fcbc29ffa1b.jpg
CONGELATEUR ELACTRON HORIZONTAL VITRINE 400LITRES SD-265BY,Neuf,Plateau Dakar,269900,https://i.roamcdn.net/hz/ed/listing-thumb-543w/1118168ecca23951517ad476dd2b1e46/-/horizon-files-prod/ed/picture/q6xkpe9z/39df0c11647da3c77badc2951e55b8ab4d69f8fa.jpg
Congelateur Elactron EL75CFS HORIZONTAL 550L,Neuf,Plateau Dakar,320000,https://i.roamcdn.net/hz/ed/listing-thumb-543w/e1c71224595c5e5a052c26cadc10529a/-/horizon-files-prod/ed/picture/qzv2me6x/3b1ca39e67bf31795b2211ee387eb7fe48ab753c.jpg
Réfrigérateur combiné 2T enduro A+,Neuf,Mbao Dakar,170000,https://i.roamcdn.net/hz/ed/listing-thumb-543w/becbe18cf72fe83afb0a0f5a4a7cc9f3/-/horizon-files-prod/ed/picture/q56x7ppx/8a045d0a1566b9764021c3998d82ad583b49b9c4.jpg
CONGELATEUR ASCOLI HORIZONTAL 300L,Neuf,Plateau Dakar,170000,https://i.roamcdn.net/hz/ed/listing-thumb-543w/5abb5c391e1b8b1b9fb78a4e2836672f/-/horizon-files-prod/ed/picture/q5642k8g/0ee823e4b6274109c87de079a6a6a2e793c87615.jpg
Congélateur SOLSTAR horizontal 540L,Neuf,Plateau Dakar,310000,https://i.roamcdn.net/hz/ed/listing-thumb-543w/9ea47ebb017084370047b46e5eb10383/-/horizon-files-prod/ed/picture/qrz2950g/59e2299891da8ea851d1fff8a32819b260115433.jpg
Congélateur 6t béko plaque aluminium,Neuf,Mbao Dakar,260000,https://i.roamcdn.net/hz/ed/listing-thumb-543w/bd5b7a4193a15f050bd955491b29fc9a/-/horizon-files-prod/ed/picture/q6xk0qnn/68a21b26c202a1cfffdad20e08c6eac3435be9df.jpg
Congelateur ASTECH horizontal 550L,Neuf,Plateau Dakar,310000,https://i.roamcdn.net/hz/ed/listing-thumb-543w/84fc1cf4953be3bb5f14873ae616df3f/-/horizon-files-prod/ed/picture/qv4m8xq5/3e10e650d2a9f3702e92e32c97190d1cde2259f1.jpg
REFRIGERATEUR SAMSUNG SIDE BY SIDE 2PORTES AVEC,Neuf,Fass Dakar,1550000,https://i.roamcdn.net/hz/ed/listing-thumb-543w/178f1cadf6f77dfb7b63636a2b1bfd02/-/horizon-files-prod/ed/picture/qxj248xw/ad5e59cce2aac5d0b61cb929568dfc66d42d0fb4.jpg
Congélateur Roch 300L,Neuf,Ouakam Dakar,190000,https://i.roamcdn.net/hz/ed/listing-thumb-543w/0a44311bf28b355354241897af28798d/-/horizon-files-prod/ed/picture/qrzvg928/a02d0f39ad14f873728cd5479bad4b34949d08f4.jpg
REFRIGERATEUR SMART TECHNOLOGY BAR 2PORTES SILVER,Neuf,Fass Dakar,94900,https://i.roamcdn.net/hz/ed/listing-thumb-543w/ebbe2d01b92b9f904429a720c2ed201d/-/horizon-files-prod/ed/picture/qm5p804j/0fb13b1ef7b72c3b0c6663a171ad81ae77d9be9a.jpg
REFRIGERATEUR DESKA BAR 1PORTE SD -97DK,Neuf,Fass Dakar,89900,https://i.roamcdn.net/hz/ed/listing-thumb-543w/264169118a9f38598a5ab2e44d75c318/-/horizon-files-prod/ed/picture/q0gwmkzm/dbbb52bf25a59a0cb88418073080ece26293b282.jpg
CONGELATEUR 400L BEKO ORIZONTALE,Neuf,Plateau Dakar,250000,https://i.roamcdn.net/hz/ed/listing-thumb-543w/fb1c651f9bb3ed3199f3873aa2180ef9/-/horizon-files-prod/ed/picture/q8v5q49n/a22e58f59c0b279402dbf44f9153ce81d8c72187.jpg
Congélateur 300 litre smart,Neuf,Colobane Dakar,164900,https://i.roamcdn.net/hz/ed/listing-thumb-543w/afd1cba99f78c0c0f0dd7a96637acb9b/-/horizon-files-prod/ed/picture/qwe249xk/c20f8a1f14b51c3573cd28b2513f951657745f90.jpg
Congélateur 200 litre ascoli,Neuf,Colobane Dakar,119900,https://i.roamcdn.net/hz/ed/listing-thumb-543w/4bad1087b5fb49a00b28d6c3bfa336b5/-/horizon-files-prod/ed/picture/qrzvxe68/7091dff4e10b9d65758ca304b6984486dc8b20ed.jpg
CONELATEUR HAIER INVERTER 400L,Neuf,Ouakam Dakar,270000,https://i.roamcdn.net/hz/ed/listing-thumb-543w/d4b92f401aff3328eee2f19fcd69aee5/-/horizon-files-prod/ed/picture/qngxr9vk/635afedb6540a48686e1ea97ca6d0dd93d89a3d3.jpg
CONGELATEUR ASTECH 195L A+,Neuf,Ouakam Dakar,139999,https://i.roamcdn.net/hz/ed/listing-thumb-543w/35330f87258c181d8afa5b0824688819/-/horizon-files-prod/ed/picture/q8vzwm8j/b164e2645b5dfe40aaf6991f0bcd4951f62c4a8b.jpg
Réfrigérateur 3T,Neuf,Plateau Dakar,230000,https://i.roamcdn.net/hz/ed/listing-thumb-543w/c765e1aeff5859339a31fa05841ec324/-/horizon-files-prod/ed/picture/qq47xgr6/1f0ae7a1854797e22a4e8b40e99c34d0961c8972.jpg
Congélateur vitrine 400 litre,Neuf,Colobane Dakar,265000,https://i.roamcdn.net/hz/ed/listing-thumb-543w/3a434534ef9800656c1904425a853905/-/horizon-files-prod/ed/picture/qzvd7zrd/33ddde64d903922181ae67e10b5c8d2fe0b277a9.jpg
Congélateur 540 L,Neuf,Liberte 4 Dakar,275000,https://i.roamcdn.net/hz/ed/listing-thumb-543w/64bbd567ff9104912f7ea0b8f88c2707/-/horizon-files-prod/ed/picture/qj4rvpjr/1f35d2d7bec20e09d98b11f4858a05c5fbadffc3.jpg
Réfrigérateur 8 T,Neuf,Liberte 4 Dakar,260000,https://i.roamcdn.net/hz/ed/listing-thumb-543w/87c8d37686c44520faea08ab22dbb273/-/horizon-files-prod/ed/picture/qngxr7dv/a8f3adf80deaa5a4020768cb6fd319fdfdfc320b.jpg
Congélateur Astech 160L,Neuf,Point-e Dakar,115000,https://i.roamcdn.net/hz/ed/listing-thumb-543w/910e77bff53c5d9f070f2a3a5ee8cc2c/-/horizon-files-prod/ed/picture/qxj24dpm/894786ec19e98578c0adc9fb07750a6150804135.jpg
Congélateur Astech 300L,Neuf,Point-e Dakar,175000,https://i.roamcdn.net/hz/ed/listing-thumb-543w/a285f313adb71cd9f7be6d9886becd52/-/horizon-files-prod/ed/picture/q6xk07qd/139185fac1d43e120ae4c8fa12771be637ef27c3.jpg
Congélateur Astech 400L,Neuf,Point-e Dakar,220000,https://i.roamcdn.net/hz/ed/listing-thumb-543w/cfb40e8597dda24d1eefb8a49612c1e1/-/horizon-files-prod/ed/picture/qngxr59w/b5fd20596a8e5801920548fd4fec4942ecea2a91.jpg
Réfrigérateur 2 porte 3 tiroirs,Venant,Colobane Dakar,144900,https://i.roamcdn.net/hz/ed/listing-thumb-543w/62190477b61bcbbbc571652e62f04425/-/horizon-files-prod/ed/picture/qxj24g24/caacb486868001cfecf3b3807a2d1b6ecd8038b9.jpg
FRIGO COMBINÉ SHARP SJ DC 320S 4 TIROIRS,Neuf,Plateau Dakar,275000,https://i.roamcdn.net/hz/ed/listing-thumb-543w/3be1c7c7aa10ba23568522d089d4e752/-/horizon-files-prod/ed/picture/qz7drjk/40979464a164cfebb02dc425b3045c89319258f8.jpg
Congélateur Astech 300L,Neuf,Plateau Dakar,165000,https://i.roamcdn.net/hz/ed/listing-thumb-543w/f817050f97aa6ba4ff4efb0cd45e5505/-/horizon-files-prod/ed/picture/q785grmx/db1d8b26d3d70a4973170106698e8d1c40f07693.jpg
PROMO RÉFRIGÉRATEUR 601LITRES ASTECH SIDE BY SIDE 4PORTES,Neuf,Plateau Dakar,569000,https://i.roamcdn.net/hz/ed/listing-thumb-543w/135e6a0e285a2602f1b78aaa4a5eeaa2/-/horizon-files-prod/ed/picture/q0gwmn56/92d234b27e1c6978e9360e02a049997a7a6a738a.jpg
PROMO RÉFRIGÉRATEUR 622LITRES ASTECH SIDE BY SIDE 2PIRTES,Neuf,Plateau Dakar,498000,https://i.roamcdn.net/hz/ed/listing-thumb-543w/b27eb9a718cc48ad787e7be12a240877/-/horizon-files-prod/ed/picture/qq47p9gj/53165a2bc2e1fc422d809a8f460787c897a7c7c6.jpg
PROMO RÉFRIGÉRATEUR 600LITRES ASTECH VITRINE 2PORTES,Neuf,Plateau Dakar,549000,https://i.roamcdn.net/hz/ed/listing-thumb-543w/8abab28659a2e37d74b4d1cb121c292c/-/horizon-files-prod/ed/picture/qj4rvpw6/a54dd10fc6f48106c553cb785ebf528a41041346.jpg
PROMO CONGÉLATEUR 230LITRES ASTECH VERTICAL 6TIROIRS,Neuf,Plateau Dakar,219000,https://i.roamcdn.net/hz/ed/listing-thumb-543w/b40cb9a852bf991c2b6b75d7883fbf6c/-/horizon-files-prod/ed/picture/q2jqp7d8/7293982550b6c6b276c324230ccf09c824f267e2.jpg
PROMO RÉFRIGÉRATEUR 356LITRES ASTECH COMBINÉ 4TIROIRS,Neuf,Plateau Dakar,329000,https://i.roamcdn.net/hz/ed/listing-thumb-543w/945576f0273befe75787bf746e8554c6/-/horizon-files-prod/ed/picture/q6xk0nm4/74cfd83a8edf291e18b35eb26dc0e5c0ff9d9d82.jpg
PROMO RÉFRIGÉRATEUR 226LITRES ASTECH COMBINÉ 4TIROIRS,Neuf,Plateau Dakar,239000,https://i.roamcdn.net/hz/ed/listing-thumb-543w/79e8e0465b7644c672b51fd77ef15ab4/-/horizon-files-prod/ed/picture/qv4engqv/62f63e99945cf83f085636da98e71f68c3d1c093.jpg
PROMO CONGÉLATEUR 800LITRES ASTECH HORIZONTAL,Neuf,Plateau Dakar,419000,https://i.roamcdn.net/hz/ed/listing-thumb-543w/6926e9505f176b341d36a19bbe4ea250/-/horizon-files-prod/ed/picture/qq47p9vj/26b8071ffaeda4b5863e60f1ba23aa24386b5b54.jpg
PROMO CONGÉLATEUR 300LITRES ASTECH HORIZONTAL,Neuf,Plateau Dakar,179000,https://i.roamcdn.net/hz/ed/listing-thumb-543w/bf031860617ecc7dc5687b83e77c41a7/-/horizon-files-prod/ed/picture/qrzvdn42/8721ddf3d29086979eb0392f404c55dda9b73fd8.jpg
PROMO CONGÉLATEUR 160LITRES ASTECH HORIZONTAL SILVER,Neuf,Plateau Dakar,98000,https://i.roamcdn.net/hz/ed/listing-thumb-543w/67a24b59f24465c71ce08228d5f333f4/-/horizon-files-prod/ed/picture/qm5p869r/b2b59cf6670c0566539b9a941756933a82604566.jpg
