web-scraper-order,web-scraper-start-url,article_link,article_link-href,details,etat,adresse,prix,image_lien-src
"1717211698-1","https://www.expat-dakar.com/machines-a-laver?page=20","Machine a laver 15 kg Samsung
Neuf
Plateau,
Dakar

12. mars, 01:04

420 000 F Cfa

772095510","https://www.expat-dakar.com/annonce/machine-a-laver-15-kg-samsung-6024323","Machine a laver 15 kg Samsung","Neuf","Plateau

Dakar","420 000 F Cfa","https://i.roamcdn.net/hz/ed/listing-thumb-543w/1d6473d718eb3d7c45eb365d2fadfe05/-/horizon-files-prod/ed/picture/q785q6ke/92dfd537958fa56c4e5c10b089ce52259389d596.jpg"
"1717211700-2","https://www.expat-dakar.com/machines-a-laver?page=20","Machine a laver sharp 11 kg
Neuf
Plateau,
Dakar

12. mars, 01:07

300 000 F Cfa

772095510","https://www.expat-dakar.com/annonce/machine-a-laver-sharp-11-kg-6024325","Machine a laver sharp 11 kg","Neuf","Plateau

Dakar","300 000 F Cfa","https://i.roamcdn.net/hz/ed/listing-thumb-543w/c68d35e3794be2310310ec46fa8c6ebc/-/horizon-files-prod/ed/picture/q0gw64qm/9476b0b04ba44c0cc269bbd3a3670d7996374827.jpg"
"1717211703-3","https://www.expat-dakar.com/machines-a-laver?page=20","MACHINE A LAVER SHARP 8KG SLVER
Neuf
Plateau,
Dakar

12. mars, 01:11

219 000 F Cfa

777510319

777510319","https://www.expat-dakar.com/annonce/machine-a-laver-sharp-8kg-slver-6024324","MACHINE A LAVER SHARP 8KG SLVER","Neuf","Plateau

Dakar","219 000 F Cfa","https://i.roamcdn.net/hz/ed/listing-thumb-543w/92c9fd5cdf95a53bfef805976d41163d/-/horizon-files-prod/ed/picture/qv4erj22/c3d7f5be6ca36eb401cafb89a0740f9a8b45810c.jpg"
"1717211775-4","https://www.expat-dakar.com/machines-a-laver?page=20","MACHINE A LAVER SHARP 10KG SLVER FULL AUTOMATIQUE
Neuf
Plateau,
Dakar

12. mars, 14:52

249 000 F Cfa

777510319

777510319","https://www.expat-dakar.com/annonce/machine-a-laver-sharp-10kg-slver-full-automatique-6024943","MACHINE A LAVER SHARP 10KG SLVER FULL AUTOMATIQUE","Neuf","Plateau

Dakar","249 000 F Cfa","https://i.roamcdn.net/hz/ed/listing-thumb-543w/0c300f3f70560e1332bb87f911426513/-/horizon-files-prod/ed/picture/qzvdkm8v/a860ec056b27a17f762e29f14c28390790146eae.jpg"
"1717211778-5","https://www.expat-dakar.com/machines-a-laver?page=20","MACHINE A LAVER SHARP 11KG AUTOMATIQUE TOP LOADING
Neuf
Plateau,
Dakar

12. mars, 15:04

259 000 F Cfa

784626090

784626090","https://www.expat-dakar.com/annonce/machine-a-laver-sharp-11kg-automatique-top-loading-6025007","MACHINE A LAVER SHARP 11KG AUTOMATIQUE TOP LOADING","Neuf","Plateau

Dakar","259 000 F Cfa","https://i.roamcdn.net/hz/ed/listing-thumb-543w/b4a63678a9a34ff6747b241b522ff502/-/horizon-files-prod/ed/picture/qq47n0wp/06af9213d4f826fa4b428002a4a39a883af0f17f.jpg"
"1717211781-6","https://www.expat-dakar.com/machines-a-laver?page=20","Machines à laver
Venant
Guediawaye,
Dakar

13. mars, 09:45

95 000 F Cfa

705550147

705550147","https://www.expat-dakar.com/annonce/machines-a-laver-6025172","Machines à laver","Venant","Guediawaye

Dakar","95 000 F Cfa","https://i.roamcdn.net/hz/ed/listing-thumb-543w/ca3629fc40ca97bff1adc59d290ca62f/-/horizon-files-prod/ed/picture/qwe2x4xj/75509039c23a735e14fdb0144b3f52735dd014cf.jpg"
"1717211785-7","https://www.expat-dakar.com/machines-a-laver?page=20","Machine à laver Samsung 7kg 5
D'occasion
Guediawaye,
Dakar

13. mars, 09:55

145 000 F Cfa

705550147

705550147","https://www.expat-dakar.com/annonce/machine-a-laver-samsung-7kg-5-5996868","Machine à laver Samsung 7kg 5","D'occasion","Guediawaye

Dakar","145 000 F Cfa","https://i.roamcdn.net/hz/ed/listing-thumb-543w/65c34284e0b198b48e43ccdd2af04767/-/horizon-files-prod/ed/picture/qv4e0ww2/b63a6636dbff44919f4b2d09cbf00830d31db4c8.jpg"
"1717211789-8","https://www.expat-dakar.com/machines-a-laver?page=20","Machine à laver Bosch
Venant
Sacré-cœur,
Dakar

13. mars, 15:26

140 000 F Cfa

781855699","https://www.expat-dakar.com/annonce/machine-a-laver-bosch-6025892","Machine à laver Bosch","Venant","Sacré-cœur

Dakar","140 000 F Cfa","https://i.roamcdn.net/hz/ed/listing-thumb-543w/b4740f7e3f773e664946b9b7961268d2/-/horizon-files-prod/ed/picture/q9m9zpjj/c7e737d616e415bca960632bacc4be0b8654a521.jpg"
"1717211793-9","https://www.expat-dakar.com/machines-a-laver?page=20","Machine à laver Faure 7-8 kg
Venant
Sacré-cœur,
Dakar

13. mars, 16:27

130 000 F Cfa

781855699","https://www.expat-dakar.com/annonce/machine-a-laver-faure-7-8-kg-6025934","Machine à laver Faure 7-8 kg","Venant","Sacré-cœur

Dakar","130 000 F Cfa","https://i.roamcdn.net/hz/ed/listing-thumb-543w/5ac36ef9207e3f134c4a9ec03f218d79/-/horizon-files-prod/ed/picture/qm5p7z6r/013d36f14d61e78e402170fc521f9f8373f52063.jpg"
"1717211801-10","https://www.expat-dakar.com/machines-a-laver?page=19","MACHINE A LAVER 10KG ASTECH SILVER
Neuf
Plateau,
Dakar

14. mars, 00:35

279 000 F Cfa

770723466","https://www.expat-dakar.com/annonce/machine-a-laver-10kg-astech-silver-6026132","MACHINE A LAVER 10KG ASTECH SILVER","Neuf","Plateau

Dakar","279 000 F Cfa","https://i.roamcdn.net/hz/ed/listing-thumb-543w/765a00781a848032aeefb3d14421ba39/-/horizon-files-prod/ed/picture/qrzvwgwq/43574a05efb2785aa5fd1be9c371fca89d532c6e.jpg"
"1717211804-11","https://www.expat-dakar.com/machines-a-laver?page=19","MACHINE A LAVER ASTECH 12KG INVERTER SILVER
Neuf
Plateau,
Dakar

14. mars, 17:06

349 000 F Cfa

776862827","https://www.expat-dakar.com/annonce/machine-a-laver-astech-12kg-inverter-silver-6026825","MACHINE A LAVER ASTECH 12KG INVERTER SILVER","Neuf","Plateau

Dakar","349 000 F Cfa","https://i.roamcdn.net/hz/ed/listing-thumb-543w/8daa66b39b39c55a1a1bcb10dcfd6b83/-/horizon-files-prod/ed/picture/q0gw4p2x/9dd04c062342c23903c2ddcbf26d4cac0a3dfa95.jpg"
"1717211811-12","https://www.expat-dakar.com/machines-a-laver?page=19","Machines à laver
Venant
Liberte 6 extension,
Dakar

14. mars, 17:13

1 F Cfa

776562988","https://www.expat-dakar.com/annonce/machines-a-laver-6026828","Machines à laver","Venant","Liberte 6 extension

Dakar","1 F Cfa","https://i.roamcdn.net/hz/ed/listing-thumb-543w/fc2c0cecd07362741bb1766fd24c0ea9/-/horizon-files-prod/ed/picture/qwe26mz6/04ed2648b9858b85805d55713f2d0c1352cc7e20.jpg"
"1717211816-13","https://www.expat-dakar.com/machines-a-laver?page=19","LG TWIN technology
Venant
Liberte 6 extension,
Dakar

14. mars, 17:55

1 F Cfa

776562988","https://www.expat-dakar.com/annonce/lg-twin-technology-6026850","LG TWIN technology","Venant","Liberte 6 extension

Dakar","1 F Cfa","https://i.roamcdn.net/hz/ed/listing-thumb-543w/c4dc45c92b3a1bae9b694a9bf2204934/-/horizon-files-prod/ed/picture/qwe26m26/16cd5f01e76997b4938cc2e5ed7204ca063199a0.jpg"
"1717211822-14","https://www.expat-dakar.com/machines-a-laver?page=19","Machine à laver Samsung /Lg 14/16/16/17kg
D'occasion
Guediawaye,
Dakar

15. mars, 10:46

235 000 F Cfa

705550147

705550147","https://www.expat-dakar.com/annonce/machine-a-laver-samsung-lg-14161617kg-5996875","Machine à laver Samsung /Lg 14/16/16/17kg","D'occasion","Guediawaye

Dakar","235 000 F Cfa","https://i.roamcdn.net/hz/ed/listing-thumb-543w/4a797b0de5fc27c4d30592da0ffc2f8c/-/horizon-files-prod/ed/picture/q4482n55/a8cddea23d11d844ee6837cc8eb179a410c99573.jpg"
"1717211827-15","https://www.expat-dakar.com/machines-a-laver?page=19","MACHINE A LAVER CAC 6KG SILVER CACML6
Neuf
Plateau,
Dakar

15. mars, 11:47

165 000 F Cfa

772355107","https://www.expat-dakar.com/annonce/machine-a-laver-cac-6kg-silver-cacml6-6027337","MACHINE A LAVER CAC 6KG SILVER CACML6","Neuf","Plateau

Dakar","165 000 F Cfa","https://i.roamcdn.net/hz/ed/listing-thumb-543w/83b94493ec07ad37a400c7b42b6e9c48/-/horizon-files-prod/ed/picture/qj4r04r8/6befbb4f161ef4345ff63ca2167045e092e79737.jpg"
"1717211831-16","https://www.expat-dakar.com/machines-a-laver?page=19","MACHINE A LAVER SAMSUNG 10KG TOP LOADING FULL AUTOMATIQUE
Neuf
Plateau,
Dakar

15. mars, 11:58

290 000 F Cfa

772355107","https://www.expat-dakar.com/annonce/machine-a-laver-samsung-10kg-top-loading-full-automatique-6027345","MACHINE A LAVER SAMSUNG 10KG TOP LOADING FULL AUTOMATIQUE","Neuf","Plateau

Dakar","290 000 F Cfa","https://i.roamcdn.net/hz/ed/listing-thumb-543w/9d993a2f2071f8abf3e96222c8dc47a4/-/horizon-files-prod/ed/picture/q78568wj/918f9d9c3c6fad7ad9bd210d99cc45e6c9c331a9.jpg"
"1717211836-17","https://www.expat-dakar.com/machines-a-laver?page=19","Electrolux 8kg A+++
Venant
Liberte 6 extension,
Dakar

16. mars, 09:19

145 000 F Cfa

776562988","https://www.expat-dakar.com/annonce/electrolux-8kg-a-6028005","Electrolux 8kg A+++","Venant","Liberte 6 extension

Dakar","145 000 F Cfa","https://i.roamcdn.net/hz/ed/listing-thumb-543w/5a710aa61f23d92b0addabf2cb600235/-/horizon-files-prod/ed/picture/qngxqdn9/58b40cf9fe6d02f2018b860b7eb8ad5cf1168e4c.jpg"
"1717211841-18","https://www.expat-dakar.com/machines-a-laver?page=19","Sèche linge
Neuf
Plateau,
Dakar

16. mars, 10:04

777576061","https://www.expat-dakar.com/annonce/seche-linge-6027946","Sèche linge","Neuf","Plateau

Dakar","","https://i.roamcdn.net/hz/ed/listing-thumb-543w/73c542d5357b8b8bb6417d8f5c882360/-/horizon-files-prod/ed/picture/qv4ejpz5/5635cc5e5cfdc5b92a8d1bdf5507426dfe06c83f.jpg"
"1717211849-19","https://www.expat-dakar.com/machines-a-laver?page=19","Machine à laver
Neuf
Plateau,
Dakar

16. mars, 10:04

777576061","https://www.expat-dakar.com/annonce/machine-a-laver-6027945","Machine à laver","Neuf","Plateau

Dakar","","https://i.roamcdn.net/hz/ed/listing-thumb-543w/820bd47de9d3bd75cce5ceaea42ff854/-/horizon-files-prod/ed/picture/q78567gm/b836f90d9d23739a7b1e3b9b4d2c70873b92c130.jpg"
"1717211860-20","https://www.expat-dakar.com/machines-a-laver?page=18","Mini machine à laver
Neuf
Almadies,
Dakar

16. mars, 11:06

24 500 F Cfa

763634198","https://www.expat-dakar.com/annonce/mini-machine-a-laver-6027707","Mini machine à laver","Neuf","Almadies

Dakar","24 500 F Cfa","https://i.roamcdn.net/hz/ed/listing-thumb-543w/9e395b43dd35f3de696df51f445490f1/-/horizon-files-prod/ed/picture/qq47r4mn/3c3fad7e4b3962a0f5f05e6472087f47b7475da8.png"
"1717211864-21","https://www.expat-dakar.com/machines-a-laver?page=18","Machine à laver LG et samsung

Thiès,
Thiès

16. mars, 15:04

350 000 F Cfa

775661884","https://www.expat-dakar.com/annonce/machine-a-laver-lg-et-samsung-6028068","Machine à laver LG et samsung","","Thiès

Thiès","350 000 F Cfa","https://i.roamcdn.net/hz/ed/listing-thumb-543w/c6939c80dc7969ad106c25eccde23ad9/-eyJvciI6OTB9/horizon-files-prod/ed/picture/qv4ejprp/4d835c5684c75465fdff533e0721f48f9f7b6010.jpg"
"1717211869-22","https://www.expat-dakar.com/machines-a-laver?page=18","Vend sèche linge Samsung 15kilo
Venant
Dalifort,
Dakar

18. mars, 11:47

350 000 F Cfa

774770316","https://www.expat-dakar.com/annonce/vend-seche-linge-samsung-15kilo-6029152","Vend sèche linge Samsung 15kilo","Venant","Dalifort

Dakar","350 000 F Cfa","https://i.roamcdn.net/hz/ed/listing-thumb-543w/25b41f54049446a6ea2379cc32d4c614/-/horizon-files-prod/ed/picture/q8v574j9/ad91301637610e05dd5c00dcb4556c76576fe826.png"
"1717211873-23","https://www.expat-dakar.com/machines-a-laver?page=18","Lave vesselle
Venant
Dalifort,
Dakar

18. mars, 12:56

135 000 F Cfa

774770316","https://www.expat-dakar.com/annonce/lave-vesselle-6029185","Lave vesselle","Venant","Dalifort

Dakar","135 000 F Cfa","https://i.roamcdn.net/hz/ed/listing-thumb-543w/e24f6d35510a2c9ae24c599527ef1754/-/horizon-files-prod/ed/picture/q56xkd7e/feb852959544f7fea31cab31deaa205cc4f8a225.png"
"1717211877-24","https://www.expat-dakar.com/machines-a-laver?page=18","LAVE VAISSELLE FINIX DWA32DS 13PS
Réconditionné
Plateau,
Dakar

27. mars, 13:29

Vendeur vérifié

195 000 F Cfa

786374400","https://www.expat-dakar.com/annonce/lave-vaisselle-finix-dwa32ds-13ps-5970754","LAVE VAISSELLE FINIX DWA32DS 13PS","Réconditionné","Plateau

Dakar","195 000 F Cfa","https://i.roamcdn.net/hz/ed/listing-thumb-543w/65a2bf527c588b091f9acbe271675f83/-/horizon-files-prod/ed/picture/qrzv5xrg/838938c2a8ad7844e70ca7c2ee6ad0b477538d58.png"
"1717211881-25","https://www.expat-dakar.com/machines-a-laver?page=18","Electrolux 8kg A+++
Venant
Liberte 6 extension,
Dakar

19. mars, 15:07

145 000 F Cfa

776562988","https://www.expat-dakar.com/annonce/electrolux-8kg-a-6028234","Electrolux 8kg A+++","Venant","Liberte 6 extension

Dakar","145 000 F Cfa","https://i.roamcdn.net/hz/ed/listing-thumb-543w/b402cbf9bc8f07fb4eff40d5c3f2141f/-/horizon-files-prod/ed/picture/qm5pwpmq/bc8f7ecb0e0e945cfccdafb470b153991e9d8318.jpg"
"1717211885-26","https://www.expat-dakar.com/machines-a-laver?page=18","MACHINE A LAVER 9KG ELACTRON BLANC
Neuf
Plateau,
Dakar

19. mars, 21:40

239 000 F Cfa

781066640

781066640","https://www.expat-dakar.com/annonce/machine-a-laver-9kg-elactron-blanc-6030638","MACHINE A LAVER 9KG ELACTRON BLANC","Neuf","Plateau

Dakar","239 000 F Cfa","https://i.roamcdn.net/hz/ed/listing-thumb-543w/3c7afbe26027734748bbb43f70ba3de0/-/horizon-files-prod/ed/picture/qpd64nkx/d9f8c88846269f5b4541777ac6ff847efac940da.jpg"
"1717211887-27","https://www.expat-dakar.com/machines-a-laver?page=18","MACHINE A LAVER 12KG ELACTRON NOIR A+++
Neuf
Plateau,
Dakar

19. mars, 21:47

329 000 F Cfa

776862827","https://www.expat-dakar.com/annonce/machine-a-laver-12kg-elactron-noir-a-6030640","MACHINE A LAVER 12KG ELACTRON NOIR A+++","Neuf","Plateau

Dakar","329 000 F Cfa","https://i.roamcdn.net/hz/ed/listing-thumb-543w/bb9c3fddd2aab4737f9aabe14dc6b576/-/horizon-files-prod/ed/picture/qdekg2rr/922df3fc64195402f7bb28daefade0ddc413a9c9.jpg"
"1717211892-28","https://www.expat-dakar.com/machines-a-laver?page=18","Machine à laver
Neuf
Sacré-cœur,
Dakar

20. mars, 09:05

75 000 F Cfa

762269865","https://www.expat-dakar.com/annonce/machine-a-laver-6030557","Machine à laver","Neuf","Sacré-cœur

Dakar","75 000 F Cfa","https://i.roamcdn.net/hz/ed/listing-thumb-543w/04b84c76baa68fa700659cf9d2f281e2/-/horizon-files-prod/ed/picture/qgq964xm/4b10b11401c2e273f608221275d6504c3e422400.jpg"
"1717211895-29","https://www.expat-dakar.com/machines-a-laver?page=18","MACHINE A LAVER SAMSUNG 9KG A+++ SILVER
Neuf
Plateau,
Dakar

20. mars, 09:45

349 000 F Cfa

783050985","https://www.expat-dakar.com/annonce/machine-a-laver-samsung-9kg-a-silver-6030830","MACHINE A LAVER SAMSUNG 9KG A+++ SILVER","Neuf","Plateau

Dakar","349 000 F Cfa","https://i.roamcdn.net/hz/ed/listing-thumb-543w/9aa5510ab47fd1ee5bcafa9b8738973b/-/horizon-files-prod/ed/picture/q8v5799r/cadff2616497da6a11af4084becc0c26c46d6450.jpg"
"1717211904-30","https://www.expat-dakar.com/machines-a-laver?page=17","Pièce détachée machine à laver
Venant
Guediawaye,
Dakar

20. mars, 11:29

705550147

705550147","https://www.expat-dakar.com/annonce/piece-detachee-machine-a-laver-6025572","Pièce détachée machine à laver","Venant","Guediawaye

Dakar","","https://i.roamcdn.net/hz/ed/listing-thumb-543w/ee3d1691bf7ea1d2234011c9f1a5bbaf/-/horizon-files-prod/ed/picture/qwe2xv80/5eef0133d634354dd7ef1fd86a63fd40f290f3a1.jpg"
"1717211908-31","https://www.expat-dakar.com/machines-a-laver?page=17","Beko 8kg
Venant
Liberte 6 extension,
Dakar

20. mars, 13:27

150 000 F Cfa

776562988","https://www.expat-dakar.com/annonce/beko-8kg-6031220","Beko 8kg","Venant","Liberte 6 extension

Dakar","150 000 F Cfa","https://i.roamcdn.net/hz/ed/listing-thumb-543w/9b6dc7a2756d75aa499fda5de34e3654/-/horizon-files-prod/ed/picture/qenqkwvx/6be6ec69c89e5d83ff5804ea58fe9bb1991a82cf.jpg"
"1717211911-32","https://www.expat-dakar.com/machines-a-laver?page=17","Samsung 6kg
D'occasion
Liberte 6 extension,
Dakar

20. mars, 14:02

120 000 F Cfa

776562988","https://www.expat-dakar.com/annonce/samsung-6kg-6031276","Samsung 6kg","D'occasion","Liberte 6 extension

Dakar","120 000 F Cfa","https://i.roamcdn.net/hz/ed/listing-thumb-543w/1232d5fbf28b5748c44827d869c4da8c/-/horizon-files-prod/ed/picture/qrzvx7ng/32dccd1515bdea4e8315edb72d5ae471a435664e.jpg"
"1717211916-33","https://www.expat-dakar.com/machines-a-laver?page=17","Machine à laver
Neuf
Sicap Liberté,
Dakar

20. mars, 20:55

776306611

777351602

775404816","https://www.expat-dakar.com/annonce/machine-a-laver-2731848","Machine à laver","Neuf","Sicap Liberté

Dakar","","https://i.roamcdn.net/hz/ed/listing-thumb-543w/6f2c8c59f7dccc783e1e3defb76aea22/-/horizon-files-prod/ed/picture/migrated/qgpp0kq/319fa405e8af8bf9ada5cb7288b00695558ad2c6.jpg"
"1717211918-34","https://www.expat-dakar.com/machines-a-laver?page=17","Machine à laver 8 kg
Neuf
VDN,
Dakar

21. mars, 15:23

190 000 F Cfa

754414545","https://www.expat-dakar.com/annonce/machine-a-laver-8-kg-5620979","Machine à laver 8 kg","Neuf","VDN

Dakar","190 000 F Cfa","https://i.roamcdn.net/hz/ed/listing-thumb-543w/af662c01cb06e5f95b96c53a4d4e7e0e/-/horizon-files-prod/ed/picture/qgqq2nkq/b12df34c19941060b46d067237265d26b36f4e75.jpg"
"1717211945-35","https://www.expat-dakar.com/machines-a-laver?page=17","Machine a laver roch 6kg
Neuf
Colobane,
Dakar

26. mars, 13:55

165 000 F Cfa

772095510","https://www.expat-dakar.com/annonce/machine-a-laver-roch-6kg-6035166","Machine a laver roch 6kg","Neuf","Colobane

Dakar","165 000 F Cfa","https://i.roamcdn.net/hz/ed/listing-thumb-543w/41657fe2b442e1671fef29080fd1aa42/-/horizon-files-prod/ed/picture/q6xkj9rj/ca94250aa779d7e0cd5663481c08948ea2eb2c2a.jpg"
"1717211948-36","https://www.expat-dakar.com/machines-a-laver?page=17","MACHINE A LAVER DESKA 8KG SEMI AUTOMATIQUE
Neuf
Plateau,
Dakar

26. mars, 18:34

119 000 F Cfa

783050985","https://www.expat-dakar.com/annonce/machine-a-laver-deska-8kg-semi-automatique-6035368","MACHINE A LAVER DESKA 8KG SEMI AUTOMATIQUE","Neuf","Plateau

Dakar","119 000 F Cfa","https://i.roamcdn.net/hz/ed/listing-thumb-543w/d345e3b0fda0078504cf8a30779e3bf5/-/horizon-files-prod/ed/picture/qv4ej6j2/908c9a9dee68e4191ac1faa842463c8d2f77368a.jpg"
"1717211952-37","https://www.expat-dakar.com/machines-a-laver?page=17","MACHINE A LAVER 7KGS FINIX WG1049
Neuf
Plateau,
Dakar

lundi, 15:50

Vendeur vérifié

184 900 F Cfa

786374400","https://www.expat-dakar.com/annonce/machine-a-laver-7kgs-finix-wg1049-5928709","MACHINE A LAVER 7KGS FINIX WG1049","Neuf","Plateau

Dakar","184 900 F Cfa","https://i.roamcdn.net/hz/ed/listing-thumb-543w/14ba45fdba09b6ffea7bcc6dfd825aba/-/horizon-files-prod/ed/picture/q4480v6v/4a58c82042b50937590377ca87bb9abc28edf5e4.jpg"
"1717211957-38","https://www.expat-dakar.com/machines-a-laver?page=17","Machine à Laver Hisense 6Kgs
Neuf
Point-e,
Dakar

27. mars, 12:31

Vendeur vérifié

163 999 F Cfa

190 000 F Cfa

Économisez 13.7%

775339898","https://www.expat-dakar.com/annonce/machine-a-laver-hisense-6kgs-6035983","Machine à Laver Hisense 6Kgs","Neuf","Point-e

Dakar","190 000 F Cfa","https://i.roamcdn.net/hz/ed/listing-thumb-543w/a072a4e4c0e5b50eccc8057422eb5fff/-/horizon-files-prod/ed/picture/q2jqxeze/cc35272988d559a7d194bdde23fc5ce52ea06f02.jpg"
"1717211961-39","https://www.expat-dakar.com/machines-a-laver?page=17","MACHINE A 7KG INVERTER ASTECH A+++
Neuf
Plateau,
Dakar

27. mars, 15:31

198 000 F Cfa

774714823","https://www.expat-dakar.com/annonce/machine-a-7kg-inverter-astech-a-6036121","MACHINE A 7KG INVERTER ASTECH A+++","Neuf","Plateau

Dakar","198 000 F Cfa","https://i.roamcdn.net/hz/ed/listing-thumb-543w/feec4b1ba5984ce374aa5eb6dc0ece8c/-/horizon-files-prod/ed/picture/qzvd0nrd/7a54202f20e4c4990e0dfeeb115b0f5b578f50b6.jpg"
"1717211969-40","https://www.expat-dakar.com/machines-a-laver?page=16","Machine à laver 7 kg inverter
Neuf
Plateau,
Dakar

29. mars, 10:33

200 000 F Cfa

773308084","https://www.expat-dakar.com/annonce/machine-a-laver-7-kg-inverter-5980966","Machine à laver 7 kg inverter","Neuf","Plateau

Dakar","200 000 F Cfa","https://i.roamcdn.net/hz/ed/listing-thumb-543w/9761a71adc07ee81faad3f847b491eba/-/horizon-files-prod/ed/picture/q6xkmwv6/396895485ab99415b9c62cab48d7e34bb1bb7c29.jpg"
"1717211975-41","https://www.expat-dakar.com/machines-a-laver?page=16","Une machine à laver
Neuf
Saint-Louis,
Saint-Louis

5. avr., 10:06

160 000 F Cfa

764146724","https://www.expat-dakar.com/annonce/une-machine-a-laver-6037852","Une machine à laver","Neuf","Saint-Louis

Saint-Louis","160 000 F Cfa","https://i.roamcdn.net/hz/ed/listing-thumb-543w/fd025850bdc79d755996de239de5a8b9/-/horizon-files-prod/ed/picture/q8v5w0e6/6d8dfecd5f72342bda86442daa29799b535630c5.jpg"
"1717211980-42","https://www.expat-dakar.com/machines-a-laver?page=16","Machine à laver 9kg inverter
Neuf
Plateau,
Dakar

30. mars, 12:42

239 900 F Cfa

778452442

778452442","https://www.expat-dakar.com/annonce/machine-a-laver-9kg-inverter-6038168","Machine à laver 9kg inverter","Neuf","Plateau

Dakar","239 900 F Cfa","https://i.roamcdn.net/hz/ed/listing-thumb-543w/baf5758548de4952c25bb6f882226258/-/horizon-files-prod/ed/picture/qv4e645w/7c5db8f3209735e51afae3a78e46679b113b77b9.jpg"
"1717211984-43","https://www.expat-dakar.com/machines-a-laver?page=16","Machine a laver roch 7kg a+++
Neuf
Médina,
Dakar

3. avr., 09:00

179 900 F Cfa

776164045","https://www.expat-dakar.com/annonce/machine-a-laver-roch-7kg-a-6028684","Machine a laver roch 7kg a+++","Neuf","Médina

Dakar","179 900 F Cfa","https://i.roamcdn.net/hz/ed/listing-thumb-543w/adfb7eb38d742beb7744b57834c91a1c/-/horizon-files-prod/ed/picture/qdekgkxw/c14df8e78a052c0aa211b59d824adeb3ad18d841.jpg"
"1717211988-44","https://www.expat-dakar.com/machines-a-laver?page=16","Machine a laver indesit 6kg
Venant
Colobane,
Dakar

4. avr., 18:29

125 000 F Cfa

772095510","https://www.expat-dakar.com/annonce/machine-a-laver-indesit-6kg-6041434","Machine a laver indesit 6kg","Venant","Colobane

Dakar","125 000 F Cfa","https://i.roamcdn.net/hz/ed/listing-thumb-543w/2c47bcee376b06ad54aaa757c235dd2b/-/horizon-files-prod/ed/picture/qm5pej6q/7eefc0e31965c9a93f6d36af4ac3e86ce606aa2d.jpg"
"1717211993-45","https://www.expat-dakar.com/machines-a-laver?page=16","Machine à laver Hisense 7,5kg
Neuf
Keur Massar,
Dakar

10. mai, 20:00

130 000 F Cfa

772046033","https://www.expat-dakar.com/annonce/machine-a-laver-hisense-75kg-6041508","Machine à laver Hisense 7,5kg","Neuf","Keur Massar

Dakar","130 000 F Cfa","https://i.roamcdn.net/hz/ed/listing-thumb-543w/9c3311556796a87f00e3adffdd1d7d4a/-/horizon-files-prod/ed/picture/q8v5w9n0/1c7757d9295656e017bb4d78b1d869e4a0d1fb79.jpg"
"1717211997-46","https://www.expat-dakar.com/machines-a-laver?page=16","Machine à laver ROCH 9KG Inverter a+++
Neuf
Colobane,
Dakar

4. avr., 23:51

235 000 F Cfa

776164045","https://www.expat-dakar.com/annonce/machine-a-laver-roch-9kg-inverter-a-6041559","Machine à laver ROCH 9KG Inverter a+++","Neuf","Colobane

Dakar","235 000 F Cfa","https://i.roamcdn.net/hz/ed/listing-thumb-543w/5841db1670912438667174e680c45393/-/horizon-files-prod/ed/picture/qj4rex75/f69bf97c7555706bf07917c922968b0ba59d482f.jpg"
"1717212002-47","https://www.expat-dakar.com/machines-a-laver?page=16","Machine à Laver Deska 8Kgs
Neuf
Plateau,
Dakar

5. avr., 06:24

110 000 F Cfa

776270457

766858780","https://www.expat-dakar.com/annonce/machine-a-laver-deska-8kgs-6040294","Machine à Laver Deska 8Kgs","Neuf","Plateau

Dakar","110 000 F Cfa","https://i.roamcdn.net/hz/ed/listing-thumb-543w/a897987c414782a4ec97f3b114556292/-/horizon-files-prod/ed/picture/qwe27rd4/72f2699454a39aeedaacc1f48c0616f012724a38.jpg"
"1717212011-48","https://www.expat-dakar.com/machines-a-laver?page=16","MACHINE A LAVER 15KG SMART TECHNOLOGY SEMI AUTOMATIQUE
Neuf
Plateau,
Dakar

6. avr., 11:35

169 000 F Cfa

783050985","https://www.expat-dakar.com/annonce/machine-a-laver-15kg-smart-technology-semi-automatique-6042550","MACHINE A LAVER 15KG SMART TECHNOLOGY SEMI AUTOMATIQUE","Neuf","Plateau

Dakar","169 000 F Cfa","https://i.roamcdn.net/hz/ed/listing-thumb-543w/55bbeb19b0997f0d884a5656540594b0/-/horizon-files-prod/ed/picture/qwe27j9k/30c7be6244baacffeb36c4282a8f439de4af006c.jpg"
"1717212015-49","https://www.expat-dakar.com/machines-a-laver?page=16","MACHINE A LAVER 10KG SMART TECHNOLOGY SEMI AUTOMATIQUE
Neuf
Plateau,
Dakar

6. avr., 12:07

139 000 F Cfa

774714823","https://www.expat-dakar.com/annonce/machine-a-laver-10kg-smart-technology-semi-automatique-6042577","MACHINE A LAVER 10KG SMART TECHNOLOGY SEMI AUTOMATIQUE","Neuf","Plateau

Dakar","139 000 F Cfa","https://i.roamcdn.net/hz/ed/listing-thumb-543w/22ab6a77b27396da727f96ed83b259cc/-/horizon-files-prod/ed/picture/qxj2vx9n/500eb9c6a2a8980c2f90f9751d79c1eccf7945ff.jpg"
"1717212087-50","https://www.expat-dakar.com/machines-a-laver?page=14","MACHINE A LAVER SEMI AUTOMATIQUE
Neuf
Mamelles,
Dakar

14. avr., 21:05

771107519

760212621","https://www.expat-dakar.com/annonce/machine-a-laver-semi-automatique-6000554","MACHINE A LAVER SEMI AUTOMATIQUE","Neuf","Mamelles

Dakar","","https://i.roamcdn.net/hz/ed/listing-thumb-543w/bc658a30782c58d312a0891ac42db3e7/-/horizon-files-prod/ed/picture/qrzvk095/e178e89219cdd0ba36adb3273c2d1923f60da7b7.jpg"
"1717212090-51","https://www.expat-dakar.com/machines-a-laver?page=14","MACHINE À LAVER 9KG DESKA SILVER
Neuf
Plateau,
Dakar

15. avr., 02:40

219 000 F Cfa

776096472

776096472","https://www.expat-dakar.com/annonce/machine-a-laver-9kg-deska-silver-6047659","MACHINE À LAVER 9KG DESKA SILVER","Neuf","Plateau

Dakar","219 000 F Cfa","https://i.roamcdn.net/hz/ed/listing-thumb-543w/e5962f9e98c194b6168ef128478f7342/-/horizon-files-prod/ed/picture/qj4revrd/df2d19702c0b83f67b0da8c7fe155c3a10b27f02.jpg"
"1717212095-52","https://www.expat-dakar.com/machines-a-laver?page=14","Machine à laver inDesit 6kg venant
Venant
Fass,
Dakar

16. avr., 14:02

130 000 F Cfa

778546592","https://www.expat-dakar.com/annonce/machine-a-laver-indesit-6kg-venant-6049093","Machine à laver inDesit 6kg venant","Venant","Fass

Dakar","130 000 F Cfa","https://i.roamcdn.net/hz/ed/listing-thumb-543w/b3a9bb8b444f8e91209e24150c905309/-/horizon-files-prod/ed/picture/qngx6dde/0248c18cb3bcde574f587549e2e22e94d72da183.jpg"
"1717212098-53","https://www.expat-dakar.com/machines-a-laver?page=14","Machine à Laver 8kgs Smart
Neuf
Plateau,
Dakar

16. avr., 17:01

95 000 F Cfa

776270457

766858780","https://www.expat-dakar.com/annonce/machine-a-laver-8kgs-smart-6049252","Machine à Laver 8kgs Smart","Neuf","Plateau

Dakar","95 000 F Cfa","https://i.roamcdn.net/hz/ed/listing-thumb-543w/d1849b5fcb79032f318a043b6645b5ca/-/horizon-files-prod/ed/picture/q8v56zn0/2aeed975590d22a82b129017b1bd762f94395b40.jpg"
"1717212102-54","https://www.expat-dakar.com/machines-a-laver?page=14","MACHINE A LAVER DESKA 7KG A+++ SILVER
Neuf
Plateau,
Dakar

17. avr., 00:00

179 000 F Cfa

770723466","https://www.expat-dakar.com/annonce/machine-a-laver-deska-7kg-a-silver-6049437","MACHINE A LAVER DESKA 7KG A+++ SILVER","Neuf","Plateau

Dakar","179 000 F Cfa","https://i.roamcdn.net/hz/ed/listing-thumb-543w/698a8c05354b184d06176396deaf3a3c/-/horizon-files-prod/ed/picture/qj4rkjkz/1cdaa02fe670e7ea12703fa4019c17100b28d00e.jpg"
"1717212105-55","https://www.expat-dakar.com/machines-a-laver?page=14","MACHINE A LAVER DESKA 8KG SEMI AUTOMATIQUE WMT-81 DK
Neuf
Plateau,
Dakar

17. avr., 23:24

115 000 F Cfa

773448645","https://www.expat-dakar.com/annonce/machine-a-laver-deska-8kg-semi-automatique-wmt-81-dk-6050303","MACHINE A LAVER DESKA 8KG SEMI AUTOMATIQUE WMT-81 DK","Neuf","Plateau

Dakar","115 000 F Cfa","https://i.roamcdn.net/hz/ed/listing-thumb-543w/cbbec078b55a3e55a49451d1a5cfe40f/-/horizon-files-prod/ed/picture/q0gwr7xj/f0b10f0ac116c5127e49e2fa47dc955858268203.jpg"
"1717212108-56","https://www.expat-dakar.com/machines-a-laver?page=14","MACHINE À LAVER LG 9Kg SILVER
Neuf
Plateau,
Dakar

17. avr., 23:25

389 000 F Cfa

783050985","https://www.expat-dakar.com/annonce/machine-a-laver-lg-9kg-silver-6050302","MACHINE À LAVER LG 9Kg SILVER","Neuf","Plateau

Dakar","389 000 F Cfa","https://i.roamcdn.net/hz/ed/listing-thumb-543w/649546f3f39b9f066c59c2fb3b9df976/-/horizon-files-prod/ed/picture/qv4e8w0j/dc4a30dbb081eb0f0700b767d3f57ccd082df474.jpg"
"1717212111-57","https://www.expat-dakar.com/machines-a-laver?page=14","Whirlpool 12kg FRR12451
Venant
Liberte 6 extension,
Dakar

18. avr., 14:07

220 000 F Cfa

776562988","https://www.expat-dakar.com/annonce/whirlpool-12kg-frr12451-6030959","Whirlpool 12kg FRR12451","Venant","Liberte 6 extension

Dakar","220 000 F Cfa","https://i.roamcdn.net/hz/ed/listing-thumb-543w/a4ff01929ddaa93592304f45c9c1b9bf/-/horizon-files-prod/ed/picture/qj4r0x9w/85bf9a7ac1a4e3357d13ca6d9178a95bb952d7bb.jpg"
"1717212115-58","https://www.expat-dakar.com/machines-a-laver?page=14","Bosch 7kg A+++
Venant
Liberte 6 extension,
Dakar

18. avr., 20:44

125 000 F Cfa

776562988","https://www.expat-dakar.com/annonce/bosch-7kg-a-6051175","Bosch 7kg A+++","Venant","Liberte 6 extension

Dakar","125 000 F Cfa","https://i.roamcdn.net/hz/ed/listing-thumb-543w/443b7982af79b30f54be746002f15a13/-/horizon-files-prod/ed/picture/q448k0pp/310dcc5de3d1b82e553d3a2a1b78281e455df900.jpg"
"1717212119-59","https://www.expat-dakar.com/machines-a-laver?page=14","MACHINE A LAVER DESKA 7KG SILVER WM-7DK
Neuf
Plateau,
Dakar

18. avr., 22:00

189 900 F Cfa

773448645","https://www.expat-dakar.com/annonce/machine-a-laver-deska-7kg-silver-wm-7dk-6051196","MACHINE A LAVER DESKA 7KG SILVER WM-7DK","Neuf","Plateau

Dakar","189 900 F Cfa","https://i.roamcdn.net/hz/ed/listing-thumb-543w/0aa0f0ae5791090113cf001f9d4c34a9/-/horizon-files-prod/ed/picture/q8v56pn9/367278454d4abb9578cee70807cc0cba67a413dd.jpg"
"1717212126-60","https://www.expat-dakar.com/machines-a-laver?page=13","Lampadaire 150w
Neuf
Pikine,
Dakar

20. avr., 09:24

22 500 F Cfa

783737491","https://www.expat-dakar.com/annonce/lampadaire-150w-6052184","Lampadaire 150w","Neuf","Pikine

Dakar","22 500 F Cfa","https://i.roamcdn.net/hz/ed/listing-thumb-543w/b992a7f9740321ccab123ec50766d55a/-/horizon-files-prod/ed/picture/qdek8260/8c5d100aff97032961cfcafd3f652a278e27c37a.jpg"
"1717212130-61","https://www.expat-dakar.com/machines-a-laver?page=13","Machine seche linge Beko a vendre
Neuf
Hann maristes,
Dakar

20. avr., 09:27

230 000 F Cfa

788622579","https://www.expat-dakar.com/annonce/machine-seche-linge-beko-a-vendre-6052057","Machine seche linge Beko a vendre","Neuf","Hann maristes

Dakar","230 000 F Cfa","https://i.roamcdn.net/hz/ed/listing-thumb-543w/d6c2a7fcd11518dd7fca573b077c8420/-/horizon-files-prod/ed/picture/qgq9xdm0/c4fc9a24f7e0c45ca2a133a1512c57be78ab8a90.jpg"
"1717212133-62","https://www.expat-dakar.com/machines-a-laver?page=13","Samsung 9kg A+++
Venant
Liberte 6 extension,
Dakar

20. avr., 18:01

165 000 F Cfa

776562988","https://www.expat-dakar.com/annonce/samsung-9kg-a-6051389","Samsung 9kg A+++","Venant","Liberte 6 extension

Dakar","165 000 F Cfa","https://i.roamcdn.net/hz/ed/listing-thumb-543w/3bc0ea138a5da9d90d1de2cc20714732/-/horizon-files-prod/ed/picture/q7852pe5/452176f8a4ca422d7212cc80e42852e582773c07.jpg"
"1717212137-63","https://www.expat-dakar.com/machines-a-laver?page=13","MACHINE A LAVER HISENSE 6KG
Neuf
Plateau,
Dakar

7. mai, 11:31

170 000 F Cfa

779152473

776784088","https://www.expat-dakar.com/annonce/machine-a-laver-hisense-6kg-6052663","MACHINE A LAVER HISENSE 6KG","Neuf","Plateau

Dakar","170 000 F Cfa","https://i.roamcdn.net/hz/ed/listing-thumb-543w/6b90247c6ab9325787208449fdbe5196/-/horizon-files-prod/ed/picture/q56xjg56/ec0f0386009061fe173ad53c8305532ae0168aaa.jpg"
"1717212141-64","https://www.expat-dakar.com/machines-a-laver?page=13","MACHINE A LAVER DESKA 9KG SILVER WM-09DK
Neuf
Plateau,
Dakar

20. avr., 21:00

229 900 F Cfa

773448645","https://www.expat-dakar.com/annonce/machine-a-laver-deska-9kg-silver-wm-09dk-6052723","MACHINE A LAVER DESKA 9KG SILVER WM-09DK","Neuf","Plateau

Dakar","229 900 F Cfa","https://i.roamcdn.net/hz/ed/listing-thumb-543w/86b5f00cea92cce94f4de7c12b9375ed/-/horizon-files-prod/ed/picture/q7852gdz/cb8449ee118c1c2deac49e703ed8743279b81718.jpg"
"1717212143-65","https://www.expat-dakar.com/machines-a-laver?page=13","MACHINE A LAVER ELACTRON 12KG NOIR EL- W1200MVB
Neuf
Plateau,
Dakar

21. avr., 19:30

335 000 F Cfa

773448645","https://www.expat-dakar.com/annonce/machine-a-laver-elactron-12kg-noir-el-w1200mvb-6053155","MACHINE A LAVER ELACTRON 12KG NOIR EL- W1200MVB","Neuf","Plateau

Dakar","335 000 F Cfa","https://i.roamcdn.net/hz/ed/listing-thumb-543w/feb5c8e255e5c1e6341156835d3d4086/-/horizon-files-prod/ed/picture/qxj2rxzq/747c6ce84cdbcaf63bf24f7d3b8c63bf4adaa826.jpg"
"1717212146-66","https://www.expat-dakar.com/machines-a-laver?page=13","MACHINE À LAVER TCL 8KG SILVER
Neuf
Plateau,
Dakar

21. avr., 22:56

219 000 F Cfa

776096472

776096472","https://www.expat-dakar.com/annonce/machine-a-laver-tcl-8kg-silver-6053216","MACHINE À LAVER TCL 8KG SILVER","Neuf","Plateau

Dakar","219 000 F Cfa","https://i.roamcdn.net/hz/ed/listing-thumb-543w/e795466f4aea8cedbc90d0cf7bddbdfc/-/horizon-files-prod/ed/picture/qpd6v2rm/e9e92fc1d96f59691a02ebe2337ffbccc4fd87e1.jpg"
"1717212150-67","https://www.expat-dakar.com/machines-a-laver?page=13","Machine à laver Candy CS1292DE
Neuf
Point-e,
Dakar

22. avr., 10:52

Vendeur vérifié

250 000 F Cfa

781302424","https://www.expat-dakar.com/annonce/machine-a-laver-candy-cs1292de-6053542","Machine à laver Candy CS1292DE","Neuf","Point-e

Dakar","250 000 F Cfa","https://i.roamcdn.net/hz/ed/listing-thumb-543w/951e3c84dc2c185ba6447baa54bbce50/-/horizon-files-prod/ed/picture/qenq47pd/c141283f8b0a4a60996e9264ebfe9a0b9e7880ac.png"
"1717212154-68","https://www.expat-dakar.com/machines-a-laver?page=13","Machine à laver
Neuf
Médina,
Dakar

22. avr., 13:57

130 000 F Cfa

777531067

784743636","https://www.expat-dakar.com/annonce/machine-a-laver-6053741","Machine à laver","Neuf","Médina

Dakar","130 000 F Cfa","https://i.roamcdn.net/hz/ed/listing-thumb-543w/01517424c2a4c0d5c3dc7f694e1006b1/-/horizon-files-prod/ed/picture/q56xj5k6/b6a88039b90965631ef847e9b1d6077953e01f85.jpg"
"1717212157-69","https://www.expat-dakar.com/machines-a-laver?page=13","Machine à laver 7kg LG inverter A++
Venant
Derkle,
Dakar

23. avr., 08:27

Vendeur vérifié

130 000 F Cfa

776361422","https://www.expat-dakar.com/annonce/machine-a-laver-7kg-lg-inverter-a-6054298","Machine à laver 7kg LG inverter A++","Venant","Derkle

Dakar","130 000 F Cfa","https://i.roamcdn.net/hz/ed/listing-thumb-543w/5202432aa6ea635effb0ac2f2cea4b75/-/horizon-files-prod/ed/picture/qrzv94pj/5b4778c0f0fad23b191d43395476372249124997.jpg"
"1717212167-70","https://www.expat-dakar.com/machines-a-laver?page=12","Machine à laver 7kg
Neuf
Plateau,
Dakar

23. avr., 10:47

190 000 F Cfa

773189012","https://www.expat-dakar.com/annonce/machine-a-laver-7kg-5727487","Machine à laver 7kg","Neuf","Plateau

Dakar","190 000 F Cfa","https://i.roamcdn.net/hz/ed/listing-thumb-543w/f7e23a29b4e8a0b6b25bed5272a7b310/-/horizon-files-prod/ed/picture/qzv4xnwr/1753211e5838798514054b7c9e2fd95260af0c36.jpg"
"1717212170-71","https://www.expat-dakar.com/machines-a-laver?page=12","Machine à laver Beko 12kg inverter
Neuf
Ouakam,
Dakar

24. avr., 11:33

Vendeur vérifié

359 900 F Cfa

380 000 F Cfa

Économisez 5.3%

770521414

709557473","https://www.expat-dakar.com/annonce/machine-a-laver-beko-12kg-inverter-6055386","Machine à laver Beko 12kg inverter","Neuf","Ouakam

Dakar","380 000 F Cfa","https://i.roamcdn.net/hz/ed/listing-thumb-543w/5c5940a23dbd980e45859664e5c64889/-/horizon-files-prod/ed/picture/qenq4854/26d7088e4a70a81e8353e60dff446b200be2a989.jpg"
"1717212174-72","https://www.expat-dakar.com/machines-a-laver?page=12","MACHINE A LAVER TCL 8KG SILVER
Réconditionné
Plateau,
Dakar

24. avr., 12:04

210 000 F Cfa

778546592","https://www.expat-dakar.com/annonce/machine-a-laver-tcl-8kg-silver-6055446","MACHINE A LAVER TCL 8KG SILVER","Réconditionné","Plateau

Dakar","210 000 F Cfa","https://i.roamcdn.net/hz/ed/listing-thumb-543w/68b249c646433542131783e400cfedfd/-/horizon-files-prod/ed/picture/qv4e8rd5/e23075d089320bddbdde9ffb96bc2a07b6f98c6b.jpg"
"1717212177-73","https://www.expat-dakar.com/machines-a-laver?page=12","Machine à Laver 10kgs Inverter
Neuf
Plateau,
Dakar

24. avr., 16:23

290 000 F Cfa

773189012","https://www.expat-dakar.com/annonce/machine-a-laver-10kgs-inverter-6055754","Machine à Laver 10kgs Inverter","Neuf","Plateau

Dakar","290 000 F Cfa","https://i.roamcdn.net/hz/ed/listing-thumb-543w/9f5aecbdb08aacb07d70cd15ea54fe7a/-/horizon-files-prod/ed/picture/qrzv9wp4/3e7bc9d04f6830b98beaa71ef524a438f4c83f36.jpg"
"1717212181-74","https://www.expat-dakar.com/machines-a-laver?page=12","Machine à Laver Astech 7 Kgs
Neuf
Plateau,
Dakar

25. avr., 22:49

170 000 F Cfa

776270457

766858780","https://www.expat-dakar.com/annonce/machine-a-laver-astech-7-kgs-5796084","Machine à Laver Astech 7 Kgs","Neuf","Plateau

Dakar","170 000 F Cfa","https://i.roamcdn.net/hz/ed/listing-thumb-543w/89937058c81e969ecdbe25858b44c68f/-/horizon-files-prod/ed/picture/qdewgd22/2872d4a6f83250426af586eef0641743327a292e.jpg"
"1717212184-75","https://www.expat-dakar.com/machines-a-laver?page=12","MACHINE A LAVER 8KG TCL SILVER
Neuf
Plateau,
Dakar

26. avr., 01:44

219 000 F Cfa

777510319

777510319","https://www.expat-dakar.com/annonce/machine-a-laver-8kg-tcl-silver-6057008","MACHINE A LAVER 8KG TCL SILVER","Neuf","Plateau

Dakar","219 000 F Cfa","https://i.roamcdn.net/hz/ed/listing-thumb-543w/02224ebca4e84f525d9ded9ab9db4d11/-/horizon-files-prod/ed/picture/q8v566nx/18a762b06c2b8f5caaad318d8b1616efb2adb746.jpg"
"1717212187-76","https://www.expat-dakar.com/machines-a-laver?page=12","Machine à laver bosch 7-8 kg
D'occasion
Sacré-cœur,
Dakar

26. avr., 10:56

80 000 F Cfa

781855699","https://www.expat-dakar.com/annonce/machine-a-laver-bosch-7-8-kg-6057302","Machine à laver bosch 7-8 kg","D'occasion","Sacré-cœur

Dakar","80 000 F Cfa","https://i.roamcdn.net/hz/ed/listing-thumb-543w/017fcf9f17f61d0b632e65b2e8d87f6a/-/horizon-files-prod/ed/picture/qv4e8742/5e6fc0d3a71c59f6df3359b7cbfaf59d5eb30d9c.jpg"
"1717212191-77","https://www.expat-dakar.com/machines-a-laver?page=12","MACHINE A LAVER HISENSE 8KG TOP LOAD SILVER
Neuf
Plateau,
Dakar

27. avr., 00:42

179 000 F Cfa

774714823","https://www.expat-dakar.com/annonce/machine-a-laver-hisense-8kg-top-load-silver-6057767","MACHINE A LAVER HISENSE 8KG TOP LOAD SILVER","Neuf","Plateau

Dakar","179 000 F Cfa","https://i.roamcdn.net/hz/ed/listing-thumb-543w/b503533911d7ee0e4b4b6b7a9944bdd5/-/horizon-files-prod/ed/picture/q7852k88/31a6f71644330c0ecad856e0fde0c0e20a266004.jpg"
"1717212194-78","https://www.expat-dakar.com/machines-a-laver?page=12","Machine à laver SAMSUNG 7kg
Neuf
Plateau,
Dakar

27. avr., 11:07

Vendeur vérifié

300 000 F Cfa

774578888

338238580

784455800","https://www.expat-dakar.com/annonce/machine-a-laver-samsung-7kg-5661266","Machine à laver SAMSUNG 7kg","Neuf","Plateau

Dakar","300 000 F Cfa","https://i.roamcdn.net/hz/ed/listing-thumb-543w/04fde788f9652ad3971b440add8ecd37/-/horizon-files-prod/ed/picture/q6x6k8pn/19fa5d93454f2118598614f745cccb800888482b.jpg"
"1717212197-79","https://www.expat-dakar.com/machines-a-laver?page=12","Machine à laver
Venant
Gueule-Tapée,
Dakar

29. avr., 12:37

120 000 F Cfa

781507714","https://www.expat-dakar.com/annonce/machine-a-laver-6059064","Machine à laver","Venant","Gueule-Tapée

Dakar","120 000 F Cfa","https://i.roamcdn.net/hz/ed/listing-thumb-543w/d822e25b7dc612f5597cf7f0afe01a5f/-/horizon-files-prod/ed/picture/qenq0dkd/10f8ce5772739f2fff92f29d61bc62651287993f.jpg"
"1717212205-80","https://www.expat-dakar.com/machines-a-laver?page=11","Aspirateur sans sac Harlem Tornado Cyclone
Neuf
Grand-Dakar,
Dakar

samedi, 13:05

50 000 F Cfa

782963838

762963434

771874229","https://www.expat-dakar.com/annonce/aspirateur-sans-sac-harlem-tornado-cyclone-5340192","Aspirateur sans sac Harlem Tornado Cyclone","Neuf","Grand-Dakar

Dakar","50 000 F Cfa","https://i.roamcdn.net/hz/ed/listing-thumb-543w/e32165ca21253dd9b9c9760f1be9a074/-/horizon-files-prod/ed/picture/q9m0qdw0/1cc287703aa0b478be11f1519d6c2bc6c50c1545.jpg"
"1717212209-81","https://www.expat-dakar.com/machines-a-laver?page=11","Malette de poids 50 kg avec barre
Neuf
Cambérène,
Dakar

29. avr., 22:29

85 000 F Cfa

779161636","https://www.expat-dakar.com/annonce/malette-de-poids-50-kg-avec-barre-6059484","Malette de poids 50 kg avec barre","Neuf","Cambérène

Dakar","85 000 F Cfa","https://i.roamcdn.net/hz/ed/listing-thumb-543w/3385115614810dea48d63d1c44bf619c/-/horizon-files-prod/ed/picture/qdekvezw/4d8b9d59c204e1eead62f49983cfcfaefa9c1ec5.jpg"
"1717212212-82","https://www.expat-dakar.com/machines-a-laver?page=11","Machine A laver GRUNDIG 6kg A++
Venant
Fass,
Dakar

30. avr., 12:29

134 900 F Cfa

778546592","https://www.expat-dakar.com/annonce/machine-a-laver-grundig-6kg-a-6059984","Machine A laver GRUNDIG 6kg A++","Venant","Fass

Dakar","134 900 F Cfa","https://i.roamcdn.net/hz/ed/listing-thumb-543w/524558dbc0011f88933ba868d71538b2/-/horizon-files-prod/ed/picture/qdekvwz8/6786379e5bb3331048a71933d41c40034e050263.jpg"
"1717212216-83","https://www.expat-dakar.com/machines-a-laver?page=11","Mini Machine A Laver Semi-Automatique Portable - 7Kg
Neuf
Castor,
Dakar

30. avr., 17:36

70 000 F Cfa

787198155

775078121","https://www.expat-dakar.com/annonce/mini-machine-a-laver-semi-automatique-portable-7kg-6025860","Mini Machine A Laver Semi-Automatique Portable - 7Kg","Neuf","Castor

Dakar","70 000 F Cfa","https://i.roamcdn.net/hz/ed/listing-thumb-543w/ffcaa81c6e89c79e735ae36166333ff2/-/horizon-files-prod/ed/picture/qpd69xw4/2bc6b2452dca13d4626134fc009dd81d1af9ecea.jpg"
"1717212222-84","https://www.expat-dakar.com/machines-a-laver?page=11","FER A REPASSER PHILIPS GC1426 1400W
Neuf
Plateau,
Dakar

1. mai, 06:01

28 000 F Cfa

781066640

781066640","https://www.expat-dakar.com/annonce/fer-a-repasser-philips-gc1426-1400w-6060428","FER A REPASSER PHILIPS GC1426 1400W","Neuf","Plateau

Dakar","28 000 F Cfa","https://i.roamcdn.net/hz/ed/listing-thumb-543w/6a15b35938c1c1cdd324980b6f4e7e69/-/horizon-files-prod/ed/picture/qwe2v25m/595b7f398bb4e7e2d4f5b2d3e434ae1431156014.jpg"
"1717212226-85","https://www.expat-dakar.com/machines-a-laver?page=11","FER A REPASSER TEFAL 1026 1200W
Neuf
Plateau,
Dakar

1. mai, 06:11

24 000 F Cfa

784626090

784626090","https://www.expat-dakar.com/annonce/fer-a-repasser-tefal-1026-1200w-6060431","FER A REPASSER TEFAL 1026 1200W","Neuf","Plateau

Dakar","24 000 F Cfa","https://i.roamcdn.net/hz/ed/listing-thumb-543w/9909148fbd4c162a30b4d1d8f5cc6682/-/horizon-files-prod/ed/picture/q448z8q8/7aac58ed2d6284842db99ab035814fb718be4583.jpg"
"1717212229-86","https://www.expat-dakar.com/machines-a-laver?page=11","Machine à laver astech 7kg
Neuf
Plateau,
Dakar

2. mai, 12:17

180 000 F Cfa

774458810","https://www.expat-dakar.com/annonce/machine-a-laver-astech-7kg-5652802","Machine à laver astech 7kg","Neuf","Plateau

Dakar","180 000 F Cfa","https://i.roamcdn.net/hz/ed/listing-thumb-543w/3cfa49d2e122e036796bb178ca5579d9/-/horizon-files-prod/ed/picture/qv4pp795/7c60a71189bced19f377bfbaea1e055507de3335.jpg"
"1717212234-87","https://www.expat-dakar.com/machines-a-laver?page=11","Machine A laver 6kg A++
Venant
Colobane,
Dakar

2. mai, 12:23

135 000 F Cfa

763762042","https://www.expat-dakar.com/annonce/machine-a-laver-6kg-a-6058660","Machine A laver 6kg A++","Venant","Colobane

Dakar","135 000 F Cfa","https://i.roamcdn.net/hz/ed/listing-thumb-543w/f4d7141d11be855f782312f658eee765/-/horizon-files-prod/ed/picture/qpd6vkzr/527f360661afefacfd6c2bd2a8eb5f9363cc8d70.jpg"
"1717212237-88","https://www.expat-dakar.com/machines-a-laver?page=11","Machine a Laver ENDURO 10KG Inverter Gris Noir
Neuf
Colobane,
Dakar

3. mai, 10:58

275 000 F Cfa

776164045","https://www.expat-dakar.com/annonce/machine-a-laver-enduro-10kg-inverter-gris-noir-6055948","Machine a Laver ENDURO 10KG Inverter Gris Noir","Neuf","Colobane

Dakar","275 000 F Cfa","https://i.roamcdn.net/hz/ed/listing-thumb-543w/4de8f93dd1a5429b9b33839167c7bac0/-/horizon-files-prod/ed/picture/q9m97v5n/c4d51caefb2f0627647788c058b84890303cef08.jpg"
"1717212240-89","https://www.expat-dakar.com/machines-a-laver?page=11","MACHINE A LAVER ASTECH 7KG SEMI AUTOMATIQUE BLANC
Neuf
Plateau,
Dakar

4. mai, 01:18

129 000 F Cfa

783860578","https://www.expat-dakar.com/annonce/machine-a-laver-astech-7kg-semi-automatique-blanc-6062595","MACHINE A LAVER ASTECH 7KG SEMI AUTOMATIQUE BLANC","Neuf","Plateau

Dakar","129 000 F Cfa","https://i.roamcdn.net/hz/ed/listing-thumb-543w/8a8a988f8c88a43db79a82f5e9b072b2/-/horizon-files-prod/ed/picture/qq47j5qv/b39ae2caaf6280cd2533ca6b484fb468fc2a9f36.jpg"
"1717212248-90","https://www.expat-dakar.com/machines-a-laver?page=10","Machine à laver Astech ( 7Kg )
Neuf
Plateau,
Dakar

4. mai, 11:46

Vendeur vérifié

234 000 F Cfa

774578888

338238580

784455800","https://www.expat-dakar.com/annonce/machine-a-laver-astech-7kg-5201849","Machine à laver Astech ( 7Kg )","Neuf","Plateau

Dakar","234 000 F Cfa","https://i.roamcdn.net/hz/ed/listing-thumb-543w/0946f69d0525e9f57937d2cd07c03335/-/horizon-files-prod/ed/picture/qng5pzkv/12dc4ff4cd29919ef1346d724c20dcbe3db9322d.jpg"
"1717212251-91","https://www.expat-dakar.com/machines-a-laver?page=10","Machine à laver
Neuf
Biscuiterie,
Dakar

4. mai, 21:57

230 000 F Cfa

782810000

338240781

706999595","https://www.expat-dakar.com/annonce/machine-a-laver-6062796","Machine à laver","Neuf","Biscuiterie

Dakar","230 000 F Cfa","https://i.roamcdn.net/hz/ed/listing-thumb-543w/a620e6ca5c860fe8b1c81aa0490588b8/-/horizon-files-prod/ed/picture/q8v5e9gr/0c730884cb1b74be95ca55433331591894aa7986.jpg"
"1717212255-92","https://www.expat-dakar.com/machines-a-laver?page=10","Machine a laver 6k A++
Venant
Colobane,
Dakar

4. mai, 18:33

135 000 F Cfa

772095510","https://www.expat-dakar.com/annonce/machine-a-laver-6k-a-6062976","Machine a laver 6k A++","Venant","Colobane

Dakar","135 000 F Cfa","https://i.roamcdn.net/hz/ed/listing-thumb-543w/e654e7187a2d2e0e6a1ae73589fc8390/-/horizon-files-prod/ed/picture/qrzvpje9/2cba0432b3692c12a9f4768ec2bc3b2b2889411d.jpg"
"1717212258-93","https://www.expat-dakar.com/machines-a-laver?page=10","Machine à Laver Bruhm 7 Kgs
Neuf
Plateau,
Dakar

4. mai, 22:51

100 000 F Cfa

776270457

766858780","https://www.expat-dakar.com/annonce/machine-a-laver-bruhm-7-kgs-5995993","Machine à Laver Bruhm 7 Kgs","Neuf","Plateau

Dakar","100 000 F Cfa","https://i.roamcdn.net/hz/ed/listing-thumb-543w/7838652ec84b07897c293c9e727da252/-/horizon-files-prod/ed/picture/qngxkdwx/cc0fe9247f625ef184b3b62d60399b7fb1d110da.jpg"
"1717212261-94","https://www.expat-dakar.com/machines-a-laver?page=10","Machine à laver béko 9kg inverter
Neuf
Mbao,
Dakar

6. mai, 09:06

270 000 F Cfa

772828509","https://www.expat-dakar.com/annonce/machine-a-laver-beko-9kg-inverter-6049740","Machine à laver béko 9kg inverter","Neuf","Mbao

Dakar","270 000 F Cfa","https://i.roamcdn.net/hz/ed/listing-thumb-543w/030ad52d574a75105b25f201e893e4cd/-/horizon-files-prod/ed/picture/qdek8k47/6bef2176226a142213cb901ab5daca46eaa063ea.jpg"
"1717212265-95","https://www.expat-dakar.com/machines-a-laver?page=10","Machine à laver ROCH inverter 9KG
Neuf
VDN,
Dakar

6. mai, 10:59

239 900 F Cfa

778452442

778452442","https://www.expat-dakar.com/annonce/machine-a-laver-roch-inverter-9kg-5913905","Machine à laver ROCH inverter 9KG","Neuf","VDN

Dakar","239 900 F Cfa","https://i.roamcdn.net/hz/ed/listing-thumb-543w/891e2367e47f4b058b66a91b7d8cfd15/-/horizon-files-prod/ed/picture/qngx9jem/2c6a3710fbb79386f40e4c21539999b374208f88.jpg"
"1717212269-96","https://www.expat-dakar.com/machines-a-laver?page=10","Machine à Laver 9Kg ELACTRON EL-W900MVW
Neuf
Plateau,
Dakar

6. mai, 11:57

Vendeur vérifié

280 000 F Cfa

774578888

338238580

784455800","https://www.expat-dakar.com/annonce/machine-a-laver-9kg-elactron-el-w900mvw-6013122","Machine à Laver 9Kg ELACTRON EL-W900MVW","Neuf","Plateau

Dakar","280 000 F Cfa","https://i.roamcdn.net/hz/ed/listing-thumb-543w/7feef7cb83163a9962ef9a7d841747c0/-/horizon-files-prod/ed/picture/q6xk8w9j/9ab1fb39301f00972bd369a06ce6a248e71f2f25.jpg"
"1717212273-97","https://www.expat-dakar.com/machines-a-laver?page=10","Machine à laver 7Kg Elactron
Neuf
Plateau,
Dakar

6. mai, 12:00

Vendeur vérifié

185 000 F Cfa

774578888

338238580

784455800","https://www.expat-dakar.com/annonce/machine-a-laver-7kg-elactron-6013107","Machine à laver 7Kg Elactron","Neuf","Plateau

Dakar","185 000 F Cfa","https://i.roamcdn.net/hz/ed/listing-thumb-543w/2c32b7b2fe390b1ca08f08fb817a958c/-/horizon-files-prod/ed/picture/qq47xne4/119a10528103482d0cd58105b2bbe67709002efc.jpg"
"1717212276-98","https://www.expat-dakar.com/machines-a-laver?page=10","Machine à laver 7kg
D'occasion
Hann maristes,
Dakar

6. mai, 12:09

100 000 F Cfa

777843433","https://www.expat-dakar.com/annonce/machine-a-laver-7kg-6063717","Machine à laver 7kg","D'occasion","Hann maristes

Dakar","100 000 F Cfa","https://i.roamcdn.net/hz/ed/listing-thumb-543w/dac7c396cdd0e3e628781b915c84822d/-/horizon-files-prod/ed/picture/q2jqe58d/75b44f51612187d95d02451a0c201194d617c1eb.jpg"
"1717212278-99","https://www.expat-dakar.com/machines-a-laver?page=10","MACHINE A LAVER 9KG ASTECH INVERTER A+++
Neuf
Plateau,
Dakar

6. mai, 15:50

239 000 F Cfa

774714823","https://www.expat-dakar.com/annonce/machine-a-laver-9kg-astech-inverter-a-6063935","MACHINE A LAVER 9KG ASTECH INVERTER A+++","Neuf","Plateau

Dakar","239 000 F Cfa","https://i.roamcdn.net/hz/ed/listing-thumb-543w/4331d6992af5ba719d37970eec91d719/-/horizon-files-prod/ed/picture/qgq9nze8/78e7509004d2dacc09ce395c9c08f57c29fb9810.jpg"
"1717212285-100","https://www.expat-dakar.com/machines-a-laver?page=9","MACHINE A LAVER 9KG SEMI AUTO
Neuf
Plateau,
Dakar

6. mai, 18:46

105 000 F Cfa

779152473

776784088","https://www.expat-dakar.com/annonce/machine-a-laver-9kg-semi-auto-6064065","MACHINE A LAVER 9KG SEMI AUTO","Neuf","Plateau

Dakar","105 000 F Cfa","https://i.roamcdn.net/hz/ed/listing-thumb-543w/f2fd3dd452a693bac14618bf221c4348/-/horizon-files-prod/ed/picture/qzvdn6vr/c0f831548ab62cd2c7978612929a63efb4a13d2c.jpg"
"1717212288-101","https://www.expat-dakar.com/machines-a-laver?page=9","Machine a laver roch 6kg a+++
Neuf
Médina,
Dakar

6. mai, 23:53

169 900 F Cfa

776164045","https://www.expat-dakar.com/annonce/machine-a-laver-roch-6kg-a-6028682","Machine a laver roch 6kg a+++","Neuf","Médina

Dakar","169 900 F Cfa","https://i.roamcdn.net/hz/ed/listing-thumb-543w/de7c0fcf6bd12568f7b0d173dfa65cc6/-/horizon-files-prod/ed/picture/qpd646kp/9edc42035d668b892ec08452099dfb4aa8b1641a.jpg"
"1717212292-102","https://www.expat-dakar.com/machines-a-laver?page=9","Machine à laver Westpool 8kg
Neuf
Plateau,
Dakar

7. mai, 10:14

Vendeur vérifié

300 000 F Cfa

774578888

338238580

784455800","https://www.expat-dakar.com/annonce/machine-a-laver-westpool-8kg-5212636","Machine à laver Westpool 8kg","Neuf","Plateau

Dakar","300 000 F Cfa","https://i.roamcdn.net/hz/ed/listing-thumb-543w/fd506ebbf3148bd5bd56ea2d6ce47724/-/horizon-files-prod/ed/picture/qkrm7qwm/9fd8fc81d294efb444119b30b0cb878fc80c77f3.jpg"
"1717212296-103","https://www.expat-dakar.com/machines-a-laver?page=9","Machine à Laver Astech 9kg
Neuf
Plateau,
Dakar

7. mai, 13:16

245 000 F Cfa

774458810","https://www.expat-dakar.com/annonce/machine-a-laver-astech-9kg-5833646","Machine à Laver Astech 9kg","Neuf","Plateau

Dakar","245 000 F Cfa","https://i.roamcdn.net/hz/ed/listing-thumb-543w/42026e036d7c7f5a3863214226307416/-/horizon-files-prod/ed/picture/qv4p78nj/46036a24b8f372272960e9b4276de0fcfdbb2b63.jpg"
"1717212299-104","https://www.expat-dakar.com/machines-a-laver?page=9","Machine a laver 7kg
Neuf
Plateau,
Dakar

8. mai, 09:32

175 000 F Cfa

771874918","https://www.expat-dakar.com/annonce/machine-a-laver-7kg-5965009","Machine a laver 7kg","Neuf","Plateau

Dakar","175 000 F Cfa","https://i.roamcdn.net/hz/ed/listing-thumb-543w/72c71b90159cca87ee6177fa055dce84/-/horizon-files-prod/ed/picture/q4487n6v/5c685204e4c390cfd14a7cf7be434e22a43604f5.jpg"
"1717212303-105","https://www.expat-dakar.com/machines-a-laver?page=9","MACHINE A LAVER HISENSE 6KG FRONT-LOAD SILVER WFVB6010MS
Neuf
Plateau,
Dakar

8. mai, 15:55

175 000 F Cfa

772355107","https://www.expat-dakar.com/annonce/machine-a-laver-hisense-6kg-front-load-silver-wfvb6010ms-6065745","MACHINE A LAVER HISENSE 6KG FRONT-LOAD SILVER WFVB6010MS","Neuf","Plateau

Dakar","175 000 F Cfa","https://i.roamcdn.net/hz/ed/listing-thumb-543w/bb5bc35509c90d554b652832b6eeabf5/-/horizon-files-prod/ed/picture/q785e4mq/75ca93111ff9876254f9126011cbef2c162d3953.jpg"
"1717212388-106","https://www.expat-dakar.com/machines-a-laver?page=9","Samsung 7kg addwash
Venant
Liberte 6 extension,
Dakar

8. mai, 17:16

150 000 F Cfa

776562988","https://www.expat-dakar.com/annonce/samsung-7kg-addwash-6065810","Samsung 7kg addwash","Venant","Liberte 6 extension

Dakar","150 000 F Cfa","https://i.roamcdn.net/hz/ed/listing-thumb-543w/740fe157179a92c4c4cb54c7529e4859/-/horizon-files-prod/ed/picture/qrzvpmmm/e5045e7214652b2452dcbfa6f804cf3a8dc0849c.jpg"
"1717212392-107","https://www.expat-dakar.com/machines-a-laver?page=9","Whirlpool 7kg
Venant
Liberte 6 extension,
Dakar

8. mai, 17:22

125 000 F Cfa

776562988","https://www.expat-dakar.com/annonce/whirlpool-7kg-6065815","Whirlpool 7kg","Venant","Liberte 6 extension

Dakar","125 000 F Cfa","https://i.roamcdn.net/hz/ed/listing-thumb-543w/bdc3bcebd743ba21cff61822718fbd38/-/horizon-files-prod/ed/picture/qj4r8998/c050d62ab4108b41b3086e95521e70fe32281dcc.jpg"
"1717212396-108","https://www.expat-dakar.com/machines-a-laver?page=9","Machine à laver Beko 8-9kg
Venant
Sacré-cœur,
Dakar

8. mai, 18:58

140 000 F Cfa

781855699","https://www.expat-dakar.com/annonce/machine-a-laver-beko-8-9kg-6065859","Machine à laver Beko 8-9kg","Venant","Sacré-cœur

Dakar","140 000 F Cfa","https://i.roamcdn.net/hz/ed/listing-thumb-543w/3ea52a94a105f686e21b655e8b951108/-/horizon-files-prod/ed/picture/qj4r8908/85a5f942610e229a0a7fd94dc56ca3d05aa5a1c3.jpg"
"1717212403-109","https://www.expat-dakar.com/machines-a-laver?page=8","Machine à laver essentiel 7 kg
Venant
Sacré-cœur,
Dakar

8. mai, 19:03

130 000 F Cfa

781855699","https://www.expat-dakar.com/annonce/machine-a-laver-essentiel-7-kg-6065865","Machine à laver essentiel 7 kg","Venant","Sacré-cœur

Dakar","130 000 F Cfa","https://i.roamcdn.net/hz/ed/listing-thumb-543w/eea4117e0ba039c7d74a5559389866d0/-/horizon-files-prod/ed/picture/qzvdnw9d/09ace675c559cac8a25b51a2ca61184627b12a86.jpg"
"1717212408-110","https://www.expat-dakar.com/machines-a-laver?page=8","MACHINE A LAVER LG 9KG+6KG SECHAGE INVERTER SILVER
Neuf
Plateau,
Dakar

9. mai, 00:33

459 000 F Cfa

783050985","https://www.expat-dakar.com/annonce/machine-a-laver-lg-9kg6kg-sechage-inverter-silver-6066002","MACHINE A LAVER LG 9KG+6KG SECHAGE INVERTER SILVER","Neuf","Plateau

Dakar","459 000 F Cfa","https://i.roamcdn.net/hz/ed/listing-thumb-543w/925b2d56c3708c07e2c6191eeff0406c/-/horizon-files-prod/ed/picture/qv4e7r4k/ce943a3ad652a86a0bf7323c6e14b86abd019d73.jpg"
"1717212411-111","https://www.expat-dakar.com/machines-a-laver?page=8","MACHINE A LAVER LG 8KG+5KG SECHAGE INVERTER A+++SILVER
Neuf
Plateau,
Dakar

9. mai, 00:50

419 000 F Cfa

783860578","https://www.expat-dakar.com/annonce/machine-a-laver-lg-8kg5kg-sechage-inverter-asilver-6066012","MACHINE A LAVER LG 8KG+5KG SECHAGE INVERTER A+++SILVER","Neuf","Plateau

Dakar","419 000 F Cfa","https://i.roamcdn.net/hz/ed/listing-thumb-543w/68377dfe477135468de1d20578e5c468/-/horizon-files-prod/ed/picture/qm5px752/375fcb93a2f732e6f9c02927b7b49af013d6b186.jpg"
"1717212415-112","https://www.expat-dakar.com/machines-a-laver?page=8","Machine à Laver Beko 7Kgs
Neuf
Point-e,
Dakar

10. mai, 09:06

Vendeur vérifié

239 000 F Cfa

280 000 F Cfa

Économisez 14.6%

775339898","https://www.expat-dakar.com/annonce/machine-a-laver-beko-7kgs-6032755","Machine à Laver Beko 7Kgs","Neuf","Point-e

Dakar","280 000 F Cfa","https://i.roamcdn.net/hz/ed/listing-thumb-543w/292fae2a2e3afec0b7a93662910afbdd/-/horizon-files-prod/ed/picture/qxj27ek2/d7e556f9d3007e2efe67a5039d6816872116153c.jpg"
"1717212418-113","https://www.expat-dakar.com/machines-a-laver?page=8","Machine à laver Elactron 6kg
Neuf
Plateau,
Dakar

10. mai, 13:47

Vendeur vérifié

174 999 F Cfa

774578888

338238580

784455800","https://www.expat-dakar.com/annonce/machine-a-laver-elactron-6kg-6013092","Machine à laver Elactron 6kg","Neuf","Plateau

Dakar","174 999 F Cfa","https://i.roamcdn.net/hz/ed/listing-thumb-543w/cacdcf25665eae366a59c245936b2e2d/-/horizon-files-prod/ed/picture/q9m9xzvn/063425655cd9d6926b59ec1b614431417085dd0b.jpg"
"1717212422-114","https://www.expat-dakar.com/machines-a-laver?page=8","MACHINE À LAVER ENDURO 8 KG A+++ 1000 TOURS
Neuf
Plateau,
Dakar

vendredi, 11:54

250 000 F Cfa

775267261","https://www.expat-dakar.com/annonce/machine-a-laver-enduro-8-kg-a-1000-tours-5998942","MACHINE À LAVER ENDURO 8 KG A+++ 1000 TOURS","Neuf","Plateau

Dakar","250 000 F Cfa","https://i.roamcdn.net/hz/ed/listing-thumb-543w/eab6b4ecd57c3a5f8f92b70dfdb42350/-/horizon-files-prod/ed/picture/qenqmx7v/37f0b8c99f8bc2bd271a73539485b873a8c38ac1.jpg"
"1717212426-115","https://www.expat-dakar.com/machines-a-laver?page=8","Samsung 14kg
Venant
Liberte 6 extension,
Dakar

10. mai, 23:20

290 000 F Cfa

776562988","https://www.expat-dakar.com/annonce/samsung-14kg-6067476","Samsung 14kg","Venant","Liberte 6 extension

Dakar","290 000 F Cfa","https://i.roamcdn.net/hz/ed/listing-thumb-543w/9d0ed1118a9fd05a13cf77b6d6360acf/-/horizon-files-prod/ed/picture/qrzvp9qj/92d420cb6e47b5c5b472504c27e0f3add63ebb89.jpg"
"1717212431-116","https://www.expat-dakar.com/machines-a-laver?page=8","MACHINE À LAVER BEKO 9KG INVERTER
Neuf
Plateau,
Dakar

11. mai, 02:15

289 000 F Cfa

776096472

776096472","https://www.expat-dakar.com/annonce/machine-a-laver-beko-9kg-inverter-6067515","MACHINE À LAVER BEKO 9KG INVERTER","Neuf","Plateau

Dakar","289 000 F Cfa","https://i.roamcdn.net/hz/ed/listing-thumb-543w/eb1a1c4428ddf32be65e66602d67e98f/-/horizon-files-prod/ed/picture/qj4r8kqr/b5165b86e7daab3ba9e5291c1dca642854555e2a.jpg"
"1717212434-117","https://www.expat-dakar.com/machines-a-laver?page=8","Machine à laver
Venant
Rufisque,
Dakar

11. mai, 11:42

1 F Cfa

776989447

776989447","https://www.expat-dakar.com/annonce/machine-a-laver-6067698","Machine à laver","Venant","Rufisque

Dakar","1 F Cfa","https://i.roamcdn.net/hz/ed/listing-thumb-543w/f89a0e8f997473f4d715704c72b44006/-/horizon-files-prod/ed/picture/qrzvp945/0e71be33c14198cb2794943a05cb36e966a0a7d5.jpg"
"1717212437-118","https://www.expat-dakar.com/machines-a-laver?page=8","Machine a laver Bosh 6 kg
Venant
Colobane,
Dakar

11. mai, 15:01

124 900 F Cfa

772095510","https://www.expat-dakar.com/annonce/machine-a-laver-bosh-6-kg-6067806","Machine a laver Bosh 6 kg","Venant","Colobane

Dakar","124 900 F Cfa","https://i.roamcdn.net/hz/ed/listing-thumb-543w/45bbc84491955c62d724e1fe16de62bd/-/horizon-files-prod/ed/picture/qwe2v47k/26435c91892f4b0cc6a16fb79dd8b93755d70a47.jpg"
"1717212447-119","https://www.expat-dakar.com/machines-a-laver?page=7","Machine a laver GRUNDIG 6kg A++
Venant
Colobane,
Dakar

11. mai, 15:10

124 900 F Cfa

772095510","https://www.expat-dakar.com/annonce/machine-a-laver-grundig-6kg-a-6067814","Machine a laver GRUNDIG 6kg A++","Venant","Colobane

Dakar","124 900 F Cfa","https://i.roamcdn.net/hz/ed/listing-thumb-543w/3c8a1700789d23b3b8f5ce40b2589a2b/-/horizon-files-prod/ed/picture/qkrg4jez/322aad4cb54de5d16e1dafb3b25de126727e8b7b.jpg"
"1717212451-120","https://www.expat-dakar.com/machines-a-laver?page=7","LAVE VAISSELLE HISENSE 13COUVERTS SILVER A++
Neuf
Plateau,
Dakar

11. mai, 16:39

229 000 F Cfa

770723466","https://www.expat-dakar.com/annonce/lave-vaisselle-hisense-13couverts-silver-a-6067859","LAVE VAISSELLE HISENSE 13COUVERTS SILVER A++","Neuf","Plateau

Dakar","229 000 F Cfa","https://i.roamcdn.net/hz/ed/listing-thumb-543w/f47dd9d673247b26ed30e80dc293f0f3/-/horizon-files-prod/ed/picture/qj4r8k8e/65603c9d12b3d9115b66e9f3245d53f30da1208e.jpg"
"1717212457-121","https://www.expat-dakar.com/machines-a-laver?page=7","Machine à laver Enduro 7kg
Neuf
Liberte 5,
Dakar

12. mai, 19:05

230 000 F Cfa

776306611

777351602

775404816","https://www.expat-dakar.com/annonce/machine-a-laver-enduro-7kg-5180388","Machine à laver Enduro 7kg","Neuf","Liberte 5

Dakar","230 000 F Cfa","https://i.roamcdn.net/hz/ed/listing-thumb-543w/3739b0b939195a4c6fc29528bc975c62/-/horizon-files-prod/ed/picture/q6x76mnd/1ed69dbcb3facb2eaabc30e0d35cf05262fbbc01.jpg"
"1717212460-122","https://www.expat-dakar.com/machines-a-laver?page=7","MACHINE À LAVER 12KG IRIS SEMI-AUTOMATIQUE GOLD
Neuf
Plateau,
Dakar

13. mai, 01:39

159 000 F Cfa

776096472

776096472","https://www.expat-dakar.com/annonce/machine-a-laver-12kg-iris-semi-automatique-gold-6068450","MACHINE À LAVER 12KG IRIS SEMI-AUTOMATIQUE GOLD","Neuf","Plateau

Dakar","159 000 F Cfa","https://i.roamcdn.net/hz/ed/listing-thumb-543w/76ffd435451d6f987a37b53bfc9ccc26/-/horizon-files-prod/ed/picture/qwe2vdz0/509fb625a769ba5545d777372081817ec99223d1.jpg"
"1717212464-123","https://www.expat-dakar.com/machines-a-laver?page=7","Machine à laver béko 7kg
Neuf
Mbao,
Dakar

13. mai, 10:16

229 000 F Cfa

772828509","https://www.expat-dakar.com/annonce/machine-a-laver-beko-7kg-6046859","Machine à laver béko 7kg","Neuf","Mbao

Dakar","229 000 F Cfa","https://i.roamcdn.net/hz/ed/listing-thumb-543w/a457645d373a31c7ba716e02038008f8/-/horizon-files-prod/ed/picture/qj4re8w6/0658c8fc6680230016dc953fc3cc746499d88eda.jpg"
"1717212468-124","https://www.expat-dakar.com/machines-a-laver?page=7","Machine A laver GRUNDIG 6kg A++
Venant
Fass,
Dakar

13. mai, 11:47

125 000 F Cfa

778546592","https://www.expat-dakar.com/annonce/machine-a-laver-grundig-6kg-a-6068833","Machine A laver GRUNDIG 6kg A++","Venant","Fass

Dakar","125 000 F Cfa","https://i.roamcdn.net/hz/ed/listing-thumb-543w/9443b89053d26a7b3007af6dbfcdd440/-/horizon-files-prod/ed/picture/qxj2055j/70a6b5919b5d74b1706f1c19ed53e5ac4acc9e19.jpg"
"1717212471-125","https://www.expat-dakar.com/machines-a-laver?page=7","Machine A laver bosch 6kg
Venant
Fass,
Dakar

13. mai, 11:51

125 000 F Cfa

778546592","https://www.expat-dakar.com/annonce/machine-a-laver-bosch-6kg-6068841","Machine A laver bosch 6kg","Venant","Fass

Dakar","125 000 F Cfa","https://i.roamcdn.net/hz/ed/listing-thumb-543w/ef7f158f4bbf46109730947b575201f5/-/horizon-files-prod/ed/picture/q56xemmg/f2cd4dd51e4a1445429f1f91f756682348640eb4.jpg"
"1717212474-126","https://www.expat-dakar.com/machines-a-laver?page=7","Machine à laver 7kg inverter
Neuf
Mbao,
Dakar

13. mai, 12:58

179 500 F Cfa

758392566","https://www.expat-dakar.com/annonce/machine-a-laver-7kg-inverter-6068939","Machine à laver 7kg inverter","Neuf","Mbao

Dakar","179 500 F Cfa","https://i.roamcdn.net/hz/ed/listing-thumb-543w/7748f997f4dcbef831f44bf75090b730/-/horizon-files-prod/ed/picture/q2jqepre/ddb2e93dd95e8b0a1358c94b8f2b9d88c5179eea.jpg"
"1717212478-127","https://www.expat-dakar.com/machines-a-laver?page=7","SPLIT SHARP 9000BTU 1.25CV R410
Neuf
Médina,
Dakar

13. mai, 23:49

155 000 F Cfa

776164045","https://www.expat-dakar.com/annonce/split-sharp-9000btu-125cv-r410-6028692","SPLIT SHARP 9000BTU 1.25CV R410","Neuf","Médina

Dakar","155 000 F Cfa","https://i.roamcdn.net/hz/ed/listing-thumb-543w/5b3a7b1d9d7b4eabbad11c78af560afd/-/horizon-files-prod/ed/picture/q9m9v94w/ecbf5e8098c4b397cc2e4be4bf15feea392c0459.jpg"
"1717212481-128","https://www.expat-dakar.com/machines-a-laver?page=7","MACHINE A LAVER ROCH INVERTER 7KG
Neuf
Ouakam,
Dakar

14. mai, 10:36

Vendeur vérifié

179 900 F Cfa

209 900 F Cfa

Économisez 14.3%

770521414

709557473","https://www.expat-dakar.com/annonce/machine-a-laver-roch-inverter-7kg-4966950","MACHINE A LAVER ROCH INVERTER 7KG","Neuf","Ouakam

Dakar","209 900 F Cfa","https://i.roamcdn.net/hz/ed/listing-thumb-543w/9161cbe7657f69b429c34afac1edd462/-/horizon-files-prod/ed/picture/qwqpjgj/049987f0b3658b228d1c4bbb8db95ddf25e4bb24.jpg"
"1717212489-129","https://www.expat-dakar.com/machines-a-laver?page=6","Machine à laver
Neuf
Almadies,
Dakar

14. mai, 14:24

180 000 F Cfa

771515395","https://www.expat-dakar.com/annonce/machine-a-laver-6069880","Machine à laver","Neuf","Almadies

Dakar","180 000 F Cfa","https://i.roamcdn.net/hz/ed/listing-thumb-543w/1132aed5e842ba812c5a72c06058336b/-/horizon-files-prod/ed/picture/qkrgwrrn/d6e798cb92b2c2c9a1b51f539c0af6963329cea6.jpg"
"1717212493-130","https://www.expat-dakar.com/machines-a-laver?page=6","Mini machine à laver
Neuf
Sacré-cœur,
Dakar

15. mai, 12:55

778780830

775360935

338220449","https://www.expat-dakar.com/annonce/mini-machine-a-laver-6018390","Mini machine à laver","Neuf","Sacré-cœur

Dakar","","https://i.roamcdn.net/hz/ed/listing-thumb-543w/70e90894f756da0d328497d71faf64e2/-/horizon-files-prod/ed/picture/qv4erwrw/98438baf59ae229504e9f879a82522c7733f4b66.jpg"
"1717212497-131","https://www.expat-dakar.com/machines-a-laver?page=6","Lave-vaisselle Siemens
D'occasion
Ouakam,
Dakar

15. mai, 15:29

100 000 F Cfa

771397823","https://www.expat-dakar.com/annonce/lave-vaisselle-siemens-6070788","Lave-vaisselle Siemens","D'occasion","Ouakam

Dakar","100 000 F Cfa","https://i.roamcdn.net/hz/ed/listing-thumb-543w/992552e24d5d55e9df9b0dcb12070f7d/-/horizon-files-prod/ed/picture/q6xkg6gg/6e799a2487a9e3d439fb968575c72cc334cba421.jpg"
"1717212501-132","https://www.expat-dakar.com/machines-a-laver?page=6","Machine a laver 9kg inverter
Neuf
Plateau,
Dakar

17. mai, 10:26

225 000 F Cfa

772828509","https://www.expat-dakar.com/annonce/machine-a-laver-9kg-inverter-6071326","Machine a laver 9kg inverter","Neuf","Plateau

Dakar","225 000 F Cfa","https://i.roamcdn.net/hz/ed/listing-thumb-543w/6ab7b1a9962e1efb0b251502dd73299f/-/horizon-files-prod/ed/picture/q9m9pjmn/3684975fe03281b52f4bb97b633be6450254c63b.jpg"
"1717212504-133","https://www.expat-dakar.com/machines-a-laver?page=6","MACHINE À LAVER 12KG IRIS SEMI-AUTOMATIQUE BLANC
Neuf
Plateau,
Dakar

16. mai, 10:25

159 000 F Cfa

784626090

784626090","https://www.expat-dakar.com/annonce/machine-a-laver-12kg-iris-semi-automatique-blanc-6071325","MACHINE À LAVER 12KG IRIS SEMI-AUTOMATIQUE BLANC","Neuf","Plateau

Dakar","159 000 F Cfa","https://i.roamcdn.net/hz/ed/listing-thumb-543w/070a2dd6e6cc0330b27e4e59ec0f8f66/-/horizon-files-prod/ed/picture/q0gwq7g8/53be596bc40a9e43072495f777a7a0b0bc866282.jpg"
"1717212508-134","https://www.expat-dakar.com/machines-a-laver?page=6","MACHINE À LAVER 12KG IRIS SEMI-AUTOMATIQU BLANC GOLD
Neuf
Plateau,
Dakar

16. mai, 10:33

159 000 F Cfa

776862827","https://www.expat-dakar.com/annonce/machine-a-laver-12kg-iris-semi-automatiqu-blanc-gold-6071339","MACHINE À LAVER 12KG IRIS SEMI-AUTOMATIQU BLANC GOLD","Neuf","Plateau

Dakar","159 000 F Cfa","https://i.roamcdn.net/hz/ed/listing-thumb-543w/4f5d7e32cc8981d51685ac256f1d7564/-/horizon-files-prod/ed/picture/q2jq40jp/732467737b40f5aedd687a349a872960c8096e7f.jpg"
"1717212511-135","https://www.expat-dakar.com/machines-a-laver?page=6","Machine à laver 6KG A+++
Neuf
Plateau,
Dakar

16. mai, 14:27

169 900 F Cfa

778452442

778452442","https://www.expat-dakar.com/annonce/machine-a-laver-6kg-a-6038164","Machine à laver 6KG A+++","Neuf","Plateau

Dakar","169 900 F Cfa","https://i.roamcdn.net/hz/ed/listing-thumb-543w/bad7b5c33d4e3d22aaf512ff60873c55/-/horizon-files-prod/ed/picture/qenqenjd/61723b9d2d8828995779c9cd8f0b326b232a3c36.jpg"
"1717212514-136","https://www.expat-dakar.com/machines-a-laver?page=6","Machine à laver 8kg semi-automatique DESKA
Neuf
Plateau,
Dakar

16. mai, 17:14

100 000 F Cfa

771874918","https://www.expat-dakar.com/annonce/machine-a-laver-8kg-semi-automatique-deska-6071728","Machine à laver 8kg semi-automatique DESKA","Neuf","Plateau

Dakar","100 000 F Cfa","https://i.roamcdn.net/hz/ed/listing-thumb-543w/8f2030c00152efac17bde553097004a2/-/horizon-files-prod/ed/picture/qwe2dpv0/f7d821a60336ef76fa25fe469526bfcd08587f80.jpg"
"1717212518-137","https://www.expat-dakar.com/machines-a-laver?page=6","Machine à laver 9kg Automatique DESKA
Neuf
Plateau,
Dakar

16. mai, 17:20

200 000 F Cfa

771874918","https://www.expat-dakar.com/annonce/machine-a-laver-9kg-automatique-deska-6071730","Machine à laver 9kg Automatique DESKA","Neuf","Plateau

Dakar","200 000 F Cfa","https://i.roamcdn.net/hz/ed/listing-thumb-543w/7b22ab1edd98f795c55d4b816a91d038/-/horizon-files-prod/ed/picture/q8v5j4e7/a84cd5b5a1580dd44a70c64074acb7b9816c006f.jpg"
"1717212522-138","https://www.expat-dakar.com/machines-a-laver?page=6","Machine à laver enduro 7kg
Neuf
Plateau,
Dakar

17. mai, 10:23

177 000 F Cfa

772828509","https://www.expat-dakar.com/annonce/machine-a-laver-enduro-7kg-6072119","Machine à laver enduro 7kg","Neuf","Plateau

Dakar","177 000 F Cfa","https://i.roamcdn.net/hz/ed/listing-thumb-543w/e72a1d7db71711face5bd3997a5f58a8/-/horizon-files-prod/ed/picture/q56xmpng/d7f2ed90d64c50ff04ed4e18aced362b2260dab1.jpg"
"1717212531-139","https://www.expat-dakar.com/machines-a-laver?page=5","Machine à laver 7kg Deska
Neuf
Plateau,
Dakar

16. mai, 16:53

162 500 F Cfa

771874918","https://www.expat-dakar.com/annonce/machine-a-laver-7kg-deska-6071715","Machine à laver 7kg Deska","Neuf","Plateau

Dakar","162 500 F Cfa","https://i.roamcdn.net/hz/ed/listing-thumb-543w/3233267919323bca8d1668b7d3349183/-/horizon-files-prod/ed/picture/qj4rnq84/1a3d39675b92988ab09a9963c9a320fe76ff3456.jpg"
"1717212535-140","https://www.expat-dakar.com/machines-a-laver?page=5","Machine A laver Whirlpool 7kg • A**+
Venant
Fass,
Dakar

17. mai, 13:42

139 900 F Cfa

778546592","https://www.expat-dakar.com/annonce/machine-a-laver-whirlpool-7kg-a-6072326","Machine A laver Whirlpool 7kg • A**+","Venant","Fass

Dakar","139 900 F Cfa","https://i.roamcdn.net/hz/ed/listing-thumb-543w/6b2988575bd437a33d144f9497331101/-/horizon-files-prod/ed/picture/q9m9p587/0188b13966060c516aff5c5dca93ea0b4c634969.jpg"
"1717212538-141","https://www.expat-dakar.com/machines-a-laver?page=5","Machine à laver 7kg
Neuf
Castor,
Dakar

samedi, 14:27

170 000 F Cfa

772046033","https://www.expat-dakar.com/annonce/machine-a-laver-7kg-5731787","Machine à laver 7kg","Neuf","Castor

Dakar","170 000 F Cfa","https://i.roamcdn.net/hz/ed/listing-thumb-543w/78fca400d5ba849e82b912d8c66af1c9/-/horizon-files-prod/ed/picture/qzv4ez69/61b5b03b9db206c8e6bd350719b18f78ef6d1fa3.jpg"
"1717212540-142","https://www.expat-dakar.com/machines-a-laver?page=5","Machine la laver 9kg
Neuf
Castor,
Dakar

samedi, 14:27

229 500 F Cfa

772046033","https://www.expat-dakar.com/annonce/machine-la-laver-9kg-5389854","Machine la laver 9kg","Neuf","Castor

Dakar","229 500 F Cfa","https://i.roamcdn.net/hz/ed/listing-thumb-543w/bb6e12a768cc1a63b6e75c2ea78be740/-/horizon-files-prod/ed/picture/qrzz28zj/48cd6d6dbda3ffbcf605edd815ad936f2b4f931b.jpg"
"1717212543-143","https://www.expat-dakar.com/machines-a-laver?page=5","LG lave-sèche 14kg
Venant
Liberte 6 extension,
Dakar

mercredi, 16:22

300 000 F Cfa

776562988","https://www.expat-dakar.com/annonce/lg-lave-seche-14kg-6067675","LG lave-sèche 14kg","Venant","Liberte 6 extension

Dakar","300 000 F Cfa","https://i.roamcdn.net/hz/ed/listing-thumb-543w/0fc4c44aac386a081b5ed6a7b37e67e6/-/horizon-files-prod/ed/picture/q448zkmp/49c7b9b66c742565f9ac70dd6cbeea8b7a45f6c2.jpg"
"1717212549-144","https://www.expat-dakar.com/machines-a-laver?page=5","LG twin 19kg inverter
Venant
Liberte 6 extension,
Dakar

dimanche, 22:39

1 F Cfa

776562988","https://www.expat-dakar.com/annonce/lg-twin-19kg-inverter-6030929","LG twin 19kg inverter","Venant","Liberte 6 extension

Dakar","1 F Cfa","https://i.roamcdn.net/hz/ed/listing-thumb-543w/acd898c543f7525da5087dd35e1b53bc/-/horizon-files-prod/ed/picture/qq47r5k7/dbe5ecd4ec3e910cd803d72ec9592b2e1fcd9c20.jpg"
"1717212553-145","https://www.expat-dakar.com/machines-a-laver?page=5","MACHINE A LAVER HAIER 8KG SILVER HW08
Neuf
Colobane,
Dakar

mardi, 10:29

230 000 F Cfa

776164045","https://www.expat-dakar.com/annonce/machine-a-laver-haier-8kg-silver-hw08-6054064","MACHINE A LAVER HAIER 8KG SILVER HW08","Neuf","Colobane

Dakar","230 000 F Cfa","https://i.roamcdn.net/hz/ed/listing-thumb-543w/a39a3a6fd9d66223a3e7053cbeca501e/-/horizon-files-prod/ed/picture/qenq4jxk/d9b79069d10787eb8fd7a735611ec001cb280d7c.jpg"
"1717212556-146","https://www.expat-dakar.com/machines-a-laver?page=5","Machine à laver automatique 7 kg À+++
Neuf
Cambérène,
Dakar

mardi, 11:32

200 000 F Cfa

779161636","https://www.expat-dakar.com/annonce/machine-a-laver-automatique-7-kg-a-6074708","Machine à laver automatique 7 kg À+++","Neuf","Cambérène

Dakar","200 000 F Cfa","https://i.roamcdn.net/hz/ed/listing-thumb-543w/7946527017a0ca0b5913cfa4c3f22413/-/horizon-files-prod/ed/picture/q8v5jdvz/e0b0c9ae8c2c231d2b09a22e5a51671f26ca5c63.jpg"
"1717212558-147","https://www.expat-dakar.com/machines-a-laver?page=5","Machine à laver Hisene 6Kg Front-Load Silver
Neuf
Almadies 2,
Dakar

mardi, 13:40

170 000 F Cfa

770494880","https://www.expat-dakar.com/annonce/machine-a-laver-hisene-6kg-front-load-silver-6074830","Machine à laver Hisene 6Kg Front-Load Silver","Neuf","Almadies 2

Dakar","170 000 F Cfa","https://i.roamcdn.net/hz/ed/listing-thumb-543w/ff291dfee24b84482f693f6e9372bad7/-/horizon-files-prod/ed/picture/q8v5jdpr/755b77d2eff6dc012fa4c496f938477345c2f6ba.jpg"
"1717212562-148","https://www.expat-dakar.com/machines-a-laver?page=5","MACHINE A LAVER ROCH INVERTER 9KG
Neuf
Ouakam,
Dakar

mardi, 13:47

Vendeur vérifié

229 900 F Cfa

259 900 F Cfa

Économisez 11.5%

770521414

709557473","https://www.expat-dakar.com/annonce/machine-a-laver-roch-inverter-9kg-4949691","MACHINE A LAVER ROCH INVERTER 9KG","Neuf","Ouakam

Dakar","259 900 F Cfa","https://i.roamcdn.net/hz/ed/listing-thumb-543w/2d4ccff37a0fb54d069ae941e0e25e39/-/horizon-files-prod/ed/picture/q0m2rxm/f494e8643be6d49368746d08646c44994d8033a0.jpg"
"1717212568-149","https://www.expat-dakar.com/machines-a-laver?page=4","Machine à laver enduro 12 kg Inverter 1400 tours
Neuf
Plateau,
Dakar

vendredi, 11:54

355 000 F Cfa

400 000 F Cfa

Économisez 11.3%

775267261","https://www.expat-dakar.com/annonce/machine-a-laver-enduro-12-kg-inverter-1400-tours-5998932","Machine à laver enduro 12 kg Inverter 1400 tours","Neuf","Plateau

Dakar","400 000 F Cfa","https://i.roamcdn.net/hz/ed/listing-thumb-543w/3677b2e1df0230a04d6c47e4894871fc/-/horizon-files-prod/ed/picture/qrzvkj5x/0dcc63f2c6dbf72514e31ae0b2d29cdddefda46d.jpg"
"1717212572-150","https://www.expat-dakar.com/machines-a-laver?page=4","Machine à laver 7Kg
Neuf
Plateau,
Dakar

vendredi, 11:53

200 000 F Cfa

775267261","https://www.expat-dakar.com/annonce/machine-a-laver-7kg-5964338","Machine à laver 7Kg","Neuf","Plateau

Dakar","200 000 F Cfa","https://i.roamcdn.net/hz/ed/listing-thumb-543w/31f135387c25691e7a6d35945ff92db9/-/horizon-files-prod/ed/picture/qpd626p0/971ca57ba24f7823fcc337d5209b3823c8f4577a.jpg"
"1717212575-151","https://www.expat-dakar.com/machines-a-laver?page=4","MACHINE À LAVER ENDURO 9 KG A+++ INVERTER
Neuf
Plateau,
Dakar

vendredi, 11:54

2 750 000 F Cfa

775267261","https://www.expat-dakar.com/annonce/machine-a-laver-enduro-9-kg-a-inverter-5998952","MACHINE À LAVER ENDURO 9 KG A+++ INVERTER","Neuf","Plateau

Dakar","2 750 000 F Cfa","https://i.roamcdn.net/hz/ed/listing-thumb-543w/f8a7d25deb216474d9642f87b2bfa579/-/horizon-files-prod/ed/picture/q8v529dr/955f81304268e29ee2517cdbf6dd157a7f39372b.jpg"
"1717212578-152","https://www.expat-dakar.com/machines-a-laver?page=4","MACHINE À LAVER SHARP 12.5 KG ES-FP1252K
Neuf
Plateau,
Dakar

vendredi, 11:52

450 000 F Cfa

530 000 F Cfa

Économisez 15.1%

775267261","https://www.expat-dakar.com/annonce/machine-a-laver-sharp-125-kg-es-fp1252k-5925631","MACHINE À LAVER SHARP 12.5 KG ES-FP1252K","Neuf","Plateau

Dakar","530 000 F Cfa","https://i.roamcdn.net/hz/ed/listing-thumb-543w/e19f378d476a74950492530f1d226e01/-/horizon-files-prod/ed/picture/q4480mjz/bf1da51a8ea530ff306526e21f3b2795708f1ed5.png"
"1717212582-153","https://www.expat-dakar.com/machines-a-laver?page=4","Machine à laver BEKO
Neuf
Plateau,
Dakar

mercredi, 11:40

Vendeur vérifié

470 000 F Cfa

774578888

338238580

784455800","https://www.expat-dakar.com/annonce/machine-a-laver-beko-5212657","Machine à laver BEKO","Neuf","Plateau

Dakar","470 000 F Cfa","https://i.roamcdn.net/hz/ed/listing-thumb-543w/e75fe120aa74ff901e51a8ff90d667c6/-/horizon-files-prod/ed/picture/qgq5m0v2/7fc9b6d8b47ef9c3253cc49b8ea9e40477e90457.jpg"
"1717212586-154","https://www.expat-dakar.com/machines-a-laver?page=4","Machine a laver whirlpool 7 kg A+++
Venant
Colobane,
Dakar

mercredi, 11:49

140 000 F Cfa

772095510","https://www.expat-dakar.com/annonce/machine-a-laver-whirlpool-7-kg-a-6072330","Machine a laver whirlpool 7 kg A+++","Venant","Colobane

Dakar","140 000 F Cfa","https://i.roamcdn.net/hz/ed/listing-thumb-543w/418603dd564a531906e5e3dd870f3e6e/-/horizon-files-prod/ed/picture/q8v5jp50/ea29f009478fab3ccd069fca09e6c36438b40afa.jpg"
"1717212589-155","https://www.expat-dakar.com/machines-a-laver?page=4","MACHINE À LAVER FINIX 7 KGA+++
Neuf
Plateau,
Dakar

vendredi, 11:55

185 000 F Cfa

215 000 F Cfa

Économisez 14%

775267261","https://www.expat-dakar.com/annonce/machine-a-laver-finix-7-kga-3209057","MACHINE À LAVER FINIX 7 KGA+++","Neuf","Plateau

Dakar","215 000 F Cfa","https://i.roamcdn.net/hz/ed/listing-thumb-543w/c2701dfd6a78ae85527c638b1d1c787f/-/horizon-files-prod/ed/picture/qgkrdpm/20da10f9eceb7e85391017ab27deec07528e9c32.jpg"
"1717212593-156","https://www.expat-dakar.com/machines-a-laver?page=4","MACHINE À LAVER FINIX 7 KG A+++
Neuf
Plateau,
Dakar

vendredi, 12:08

185 000 F Cfa

220 000 F Cfa

Économisez 15.9%

775267261","https://www.expat-dakar.com/annonce/machine-a-laver-finix-7-kg-a-2745978","MACHINE À LAVER FINIX 7 KG A+++","Neuf","Plateau

Dakar","220 000 F Cfa","https://i.roamcdn.net/hz/ed/listing-thumb-543w/4b4fd9bb23e1d5105a58b975cc05aeb6/-/horizon-files-prod/ed/picture/qm47x4g/28230a8825248c1f5e10ef0e1e4eddee545991fe.jpg"
"1717212596-157","https://www.expat-dakar.com/machines-a-laver?page=4","MACHINE À LAVER TCL 8 KG INVERTER TRÈS BONNE QUALITÉ
Neuf
Plateau,
Dakar

vendredi, 11:05

210 000 F Cfa

235 000 F Cfa

Économisez 10.6%

775267261","https://www.expat-dakar.com/annonce/machine-a-laver-tcl-8-kg-inverter-tres-bonne-qualite-6072612","MACHINE À LAVER TCL 8 KG INVERTER TRÈS BONNE QUALITÉ","Neuf","Plateau

Dakar","235 000 F Cfa","https://i.roamcdn.net/hz/ed/listing-thumb-543w/998b7d2cb026354cd5ac16be03a31dc5/-/horizon-files-prod/ed/picture/qm5pz672/e5fb537d79aaa1c0048413784ea4a248bf0f7dcb.jpg"
"1717212600-158","https://www.expat-dakar.com/machines-a-laver?page=4","MACHINE À LAVER 7KG ASTECH SEMI-AUTOMATIQUE BLANC
Neuf
Plateau,
Dakar

jeudi, 00:53

119 000 F Cfa

777510319

777510319","https://www.expat-dakar.com/annonce/machine-a-laver-7kg-astech-semi-automatique-blanc-6076113","MACHINE À LAVER 7KG ASTECH SEMI-AUTOMATIQUE BLANC","Neuf","Plateau

Dakar","119 000 F Cfa","https://i.roamcdn.net/hz/ed/listing-thumb-543w/0ddcea6d70606193475b3dc1b59e4dba/-/horizon-files-prod/ed/picture/qgq9vkv2/89ebba820155ce6ba3616b61355ad9c0294b905b.jpg"
"1717212608-159","https://www.expat-dakar.com/machines-a-laver?page=3","Machine à laver 7kg inverter
Neuf
Mbao,
Dakar

jeudi, 11:23

179 500 F Cfa

758392566","https://www.expat-dakar.com/annonce/machine-a-laver-7kg-inverter-6076458","Machine à laver 7kg inverter","Neuf","Mbao

Dakar","179 500 F Cfa","https://i.roamcdn.net/hz/ed/listing-thumb-543w/d66e57ea736ebefc68cf1680e3281ade/-/horizon-files-prod/ed/picture/qkrgwnnn/3b0754bb8b637de4ffd3e1fb1fd81801ea2c30f1.jpg"
"1717212611-160","https://www.expat-dakar.com/machines-a-laver?page=3","Machine à laver enduro 6kg
Neuf
Plateau,
Dakar

jeudi, 11:29

165 000 F Cfa

772828509","https://www.expat-dakar.com/annonce/machine-a-laver-enduro-6kg-6076465","Machine à laver enduro 6kg","Neuf","Plateau

Dakar","165 000 F Cfa","https://i.roamcdn.net/hz/ed/listing-thumb-543w/6ef079587fbe573f938044dea9bdc4f7/-/horizon-files-prod/ed/picture/qzvd7wwg/6d43b25d23f9ace6983316023e841006b0cc728d.jpg"
"1717212614-161","https://www.expat-dakar.com/machines-a-laver?page=3","Machine à laver Astech
D'occasion
Mermoz,
Dakar

vendredi, 09:27

180 000 F Cfa

781389550","https://www.expat-dakar.com/annonce/machine-a-laver-astech-6077197","Machine à laver Astech","D'occasion","Mermoz

Dakar","180 000 F Cfa","https://i.roamcdn.net/hz/ed/listing-thumb-543w/ca53ed90eb50efbc82fb3304f3898eea/-/horizon-files-prod/ed/picture/q448xgn5/73b674ac2eaad1e1cbacd3282fe14491da5a64dd.jpg"
"1717212618-162","https://www.expat-dakar.com/machines-a-laver?page=3","Aspirateur Électrique Avec Filtration D'eau Harlem
Neuf
Grand-Dakar,
Dakar

vendredi, 11:33

50 000 F Cfa

782963838

762963434

771874229","https://www.expat-dakar.com/annonce/aspirateur-electrique-avec-filtration-deau-harlem-5748187","Aspirateur Électrique Avec Filtration D'eau Harlem","Neuf","Grand-Dakar

Dakar","50 000 F Cfa","https://i.roamcdn.net/hz/ed/listing-thumb-543w/61b059888a9a90ff08dd57139cab1190/-/horizon-files-prod/ed/picture/qzv46mx8/8dd6b7a101d6045e99131bbfaf8c405e531b8bc7.jpg"
"1717212621-163","https://www.expat-dakar.com/machines-a-laver?page=3","Machine a laver 6kg GRUNDIG A+++
Venant
Colobane,
Dakar

vendredi, 22:01

119 900 F Cfa

772095510","https://www.expat-dakar.com/annonce/machine-a-laver-6kg-grundig-a-6077793","Machine a laver 6kg GRUNDIG A+++","Venant","Colobane

Dakar","119 900 F Cfa","https://i.roamcdn.net/hz/ed/listing-thumb-543w/956109f77a7be78d359ee06e99da42b4/-/horizon-files-prod/ed/picture/qngx4ew0/0c5236e703626b68106d32848c3f6ef3031c4e77.jpg"
"1717212626-164","https://www.expat-dakar.com/machines-a-laver?page=3","Machine A laver Whirlpool 7kg • A**+
Venant
Fass,
Dakar

vendredi, 22:17

124 900 F Cfa

778546592","https://www.expat-dakar.com/annonce/machine-a-laver-whirlpool-7kg-a-6077807","Machine A laver Whirlpool 7kg • A**+","Venant","Fass

Dakar","124 900 F Cfa","https://i.roamcdn.net/hz/ed/listing-thumb-543w/4beb781558f62d1b5dacb15ba5fd12db/-/horizon-files-prod/ed/picture/qq47me6p/0f90d89fa25f16659ed55e103533a03dc7fb1058.jpg"
"1717212628-165","https://www.expat-dakar.com/machines-a-laver?page=3","Machine A laver GRUNDIG 6kg A++
Venant
Fass,
Dakar

vendredi, 22:20

120 000 F Cfa

778546592","https://www.expat-dakar.com/annonce/machine-a-laver-grundig-6kg-a-6077808","Machine A laver GRUNDIG 6kg A++","Venant","Fass

Dakar","120 000 F Cfa","https://i.roamcdn.net/hz/ed/listing-thumb-543w/91bb0f50ea9b78aec6c4ec27fa95fbc6/-/horizon-files-prod/ed/picture/q8v5jwn0/28d990541d4fd75297a4d8aca052fc90519a4a64.jpg"
"1717212631-166","https://www.expat-dakar.com/machines-a-laver?page=3","LG et Samsung 17kg
Venant
Liberte 6 extension,
Dakar

samedi, 18:58

335 000 F Cfa

776562988","https://www.expat-dakar.com/annonce/lg-et-samsung-17kg-6077229","LG et Samsung 17kg","Venant","Liberte 6 extension

Dakar","335 000 F Cfa","https://i.roamcdn.net/hz/ed/listing-thumb-543w/48ed4c80bad84d74d349d619ed6a49c9/-/horizon-files-prod/ed/picture/qq47mrzn/3d7c011b71cdecb16b75518f450cd76ff8176333.jpg"
"1717212634-167","https://www.expat-dakar.com/machines-a-laver?page=3","Machine à laver 7-8kg LG
Réconditionné
Sacré-cœur,
Dakar

samedi, 20:41

140 000 F Cfa

781855699","https://www.expat-dakar.com/annonce/machine-a-laver-7-8kg-lg-6078331","Machine à laver 7-8kg LG","Réconditionné","Sacré-cœur

Dakar","140 000 F Cfa","https://i.roamcdn.net/hz/ed/listing-thumb-543w/6de8e3b7fde16c0b662a992b2ef2eee4/-/horizon-files-prod/ed/picture/q448xkmv/e9b04d1d9738b88b47844c787fc35c85833c168e.jpg"
"1717212636-168","https://www.expat-dakar.com/machines-a-laver?page=3","60 pouces télé Samsung
D'occasion
Sacré-cœur,
Dakar

samedi, 20:57

240 000 F Cfa

781855699","https://www.expat-dakar.com/annonce/60-pouces-tele-samsung-6078339","60 pouces télé Samsung","D'occasion","Sacré-cœur

Dakar","240 000 F Cfa","https://i.roamcdn.net/hz/ed/listing-thumb-543w/16bffbc16765478ff7b9e3a52554cb27/-/horizon-files-prod/ed/picture/q2jq4mnq/532bc6953d7f4d224bdc140330393c025cae64fa.jpg"
"1717212641-169","https://www.expat-dakar.com/machines-a-laver?page=2","Lave linge 6 kg Blusky
Venant
Sacré-cœur,
Dakar

samedi, 21:02

100 000 F Cfa

781855699","https://www.expat-dakar.com/annonce/lave-linge-6-kg-blusky-6078340","Lave linge 6 kg Blusky","Venant","Sacré-cœur

Dakar","100 000 F Cfa","https://i.roamcdn.net/hz/ed/listing-thumb-543w/0772d22a2e712dcd985dd6159401771c/-/horizon-files-prod/ed/picture/qdek58j7/ba0337a4536083d31b5ea3a5efd60e1a6b6c20cc.jpg"
"1717212643-170","https://www.expat-dakar.com/machines-a-laver?page=2","SECHE LINGE BEKO 7KG
D'occasion
Dieuppeul,
Dakar

dimanche, 15:00

95 000 F Cfa

774256528","https://www.expat-dakar.com/annonce/seche-linge-beko-7kg-6078373","SECHE LINGE BEKO 7KG","D'occasion","Dieuppeul

Dakar","95 000 F Cfa","https://i.roamcdn.net/hz/ed/listing-thumb-543w/cec8c88dae8b47f12a3494030cb5a3b1/-/horizon-files-prod/ed/picture/qq47m0kn/0ff987eefd24ec1ce06ad047e33c03f5479e929f.jpg"
"1717212646-171","https://www.expat-dakar.com/machines-a-laver?page=2","PROMO MACHINE À LAVER 8KG SMART TECHNOLOGY
Neuf
Plateau,
Dakar

lundi, 00:13

105 000 F Cfa

776862827","https://www.expat-dakar.com/annonce/promo-machine-a-laver-8kg-smart-technology-6078745","PROMO MACHINE À LAVER 8KG SMART TECHNOLOGY","Neuf","Plateau

Dakar","105 000 F Cfa","https://i.roamcdn.net/hz/ed/listing-thumb-543w/a35770e533b2efe5030a20af8eb443d1/-/horizon-files-prod/ed/picture/q785ke0d/c5bc9ae6d26652d7448855ba4a7851e903ff54b2.jpg"
"1717212648-172","https://www.expat-dakar.com/machines-a-laver?page=2","PROMO MACHINE À LAVER SMART TECHNOLOGY 9KG
Neuf
Plateau,
Dakar

lundi, 00:25

119 000 F Cfa

768882180","https://www.expat-dakar.com/annonce/promo-machine-a-laver-smart-technology-9kg-6078747","PROMO MACHINE À LAVER SMART TECHNOLOGY 9KG","Neuf","Plateau

Dakar","119 000 F Cfa","https://i.roamcdn.net/hz/ed/listing-thumb-543w/92db535b8405bccda765c6a3920f4344/-/horizon-files-prod/ed/picture/q0gwqe96/a55a90e46db2c2418c3965a41b74ed094748bcd7.jpg"
"1717212651-173","https://www.expat-dakar.com/machines-a-laver?page=2","Machines à laver 17kg
Venant
Liberte 6 extension,
Dakar

lundi, 15:46

300 000 F Cfa

776562988","https://www.expat-dakar.com/annonce/machines-a-laver-17kg-6073762","Machines à laver 17kg","Venant","Liberte 6 extension

Dakar","300 000 F Cfa","https://i.roamcdn.net/hz/ed/listing-thumb-543w/6847a70acee3af2fa4357e1613a673e2/-/horizon-files-prod/ed/picture/qdek5nww/809507e72074c48fa7484ac5f93148633493a8bd.jpg"
"1717212653-174","https://www.expat-dakar.com/machines-a-laver?page=2","Machine à laver Astech
Neuf
Plateau,
Dakar

lundi, 18:20

1 F Cfa

781895591","https://www.expat-dakar.com/annonce/machine-a-laver-astech-6079464","Machine à laver Astech","Neuf","Plateau

Dakar","1 F Cfa","https://i.roamcdn.net/hz/ed/listing-thumb-543w/47a8f77ed8b98bf25284381d2c449c18/-/horizon-files-prod/ed/picture/qenq6609/d0e369ea4f1ceb5a012b19c73f33fadd70266453.jpg"
"1717212656-175","https://www.expat-dakar.com/machines-a-laver?page=2","Machine à laver
Neuf
Plateau,
Dakar

mardi, 10:48

179 000 F Cfa

772828509","https://www.expat-dakar.com/annonce/machine-a-laver-3856887","Machine à laver","Neuf","Plateau

Dakar","179 000 F Cfa","https://i.roamcdn.net/hz/ed/listing-thumb-543w/64c93b865d8a242ae9a698b2af27cfb2/-/horizon-files-prod/ed/picture/qz0ep9v/f40009b5bdcdd0fdd5601b76262f5ee316f52d3c.jpg"
"1717212658-176","https://www.expat-dakar.com/machines-a-laver?page=2","Machine a Laver ENDURO 7KG A+++ inverter
Neuf
Colobane,
Dakar

mercredi, 01:20

180 000 F Cfa

776164045","https://www.expat-dakar.com/annonce/machine-a-laver-enduro-7kg-a-inverter-6055955","Machine a Laver ENDURO 7KG A+++ inverter","Neuf","Colobane

Dakar","180 000 F Cfa","https://i.roamcdn.net/hz/ed/listing-thumb-543w/4badc8cb5f9eecb4dd31b493f17dd4b7/-/horizon-files-prod/ed/picture/qxj2r7gm/badde89bd2f9bde5c09265736710d2024fdcba6a.jpg"
"1717212660-177","https://www.expat-dakar.com/machines-a-laver?page=2","machine à laver astech 7kg inverter a+++
Neuf
Ouakam,
Dakar

mercredi, 10:25

Vendeur vérifié

179 900 F Cfa

200 000 F Cfa

Économisez 10.1%

770521414

709557473","https://www.expat-dakar.com/annonce/machine-a-laver-astech-7kg-inverter-a-5993425","machine à laver astech 7kg inverter a+++","Neuf","Ouakam

Dakar","200 000 F Cfa","https://i.roamcdn.net/hz/ed/listing-thumb-543w/4e7f7bc54740e6be4fc4edd26af87a15/-/horizon-files-prod/ed/picture/q0gw0e2d/764d210d0eece1ad83e327a6297ec75004164571.jpg"
"1717212663-178","https://www.expat-dakar.com/machines-a-laver?page=2","PROMO MACHINE À LAVER 6KG ÉLECTRON BLANC
Neuf
Plateau,
Dakar

mercredi, 23:33

169 000 F Cfa

776096472

776096472","https://www.expat-dakar.com/annonce/promo-machine-a-laver-6kg-electron-blanc-6081342","PROMO MACHINE À LAVER 6KG ÉLECTRON BLANC","Neuf","Plateau

Dakar","169 000 F Cfa","https://i.roamcdn.net/hz/ed/listing-thumb-543w/005a4b9c8530d6e452dff815fca884f3/-/horizon-files-prod/ed/picture/qenqg5kz/ac8bd3aca06de622c9a326f01e273efc5456625a.jpg"
"1717212668-179","https://www.expat-dakar.com/machines-a-laver?page=1","PROMO MACHINE À LAVER SHARP 8KG SEMI-AUTOMATIQUE BLANC
Neuf
Plateau,
Dakar

Hier, 01:05

169 000 F Cfa

776096472

776096472","https://www.expat-dakar.com/annonce/promo-machine-a-laver-sharp-8kg-semi-automatique-blanc-6082254","PROMO MACHINE À LAVER SHARP 8KG SEMI-AUTOMATIQUE BLANC","Neuf","Plateau

Dakar","169 000 F Cfa","https://i.roamcdn.net/hz/ed/listing-thumb-543w/1142ca50f639df88e69d1bb6a2de8db5/-/horizon-files-prod/ed/picture/qrzvd8mq/9171464c8f0a11b534174b2aa6c272be3b02bc2a.jpg"
"1717212670-180","https://www.expat-dakar.com/machines-a-laver?page=1","PROMO MACHINE À LAVER 6KG CAC SILVER
Neuf
Plateau,
Dakar

Hier, 01:10

168 500 F Cfa

774714823","https://www.expat-dakar.com/annonce/promo-machine-a-laver-6kg-cac-silver-6082262","PROMO MACHINE À LAVER 6KG CAC SILVER","Neuf","Plateau

Dakar","168 500 F Cfa","https://i.roamcdn.net/hz/ed/listing-thumb-543w/9ae4612a9837c817ff10e5a7bdb65be3/-/horizon-files-prod/ed/picture/qdekx7m4/49db5eb0a9a983b183fd2eb02d3adb865c75bc2c.jpg"
"1717212672-181","https://www.expat-dakar.com/machines-a-laver?page=1","PROMO MACHINE À LAVER 6KG MASER SILVER
Neuf
Plateau,
Dakar

Hier, 01:20

168 500 F Cfa

783860578","https://www.expat-dakar.com/annonce/promo-machine-a-laver-6kg-maser-silver-6082265","PROMO MACHINE À LAVER 6KG MASER SILVER","Neuf","Plateau

Dakar","168 500 F Cfa","https://i.roamcdn.net/hz/ed/listing-thumb-543w/27239979e950eb79a769705fd5a82a13/-/horizon-files-prod/ed/picture/qzvdgpwq/0ef944917399edeba82b4adb8b634f886ef81213.jpg"
"1717212675-182","https://www.expat-dakar.com/machines-a-laver?page=1","lessive pour machine à laver pods ou liquide
Neuf
Mbao,
Dakar

Hier, 06:04

10 000 F Cfa

775966783

775966783","https://www.expat-dakar.com/annonce/lessive-pour-machine-a-laver-pods-ou-liquide-6082196","lessive pour machine à laver pods ou liquide","Neuf","Mbao

Dakar","10 000 F Cfa","https://i.roamcdn.net/hz/ed/listing-thumb-543w/2b6ef3863b29e370b384c22f61f84833/-/horizon-files-prod/ed/picture/q8v5q4dn/970ca7e131b23d76612b12f34e7ae29eb8be34a6.jpg"
"1717212677-183","https://www.expat-dakar.com/machines-a-laver?page=1","MACHINE A LAVER ELACTRON 9KG NOIR EL- W900MVW
Neuf
Plateau,
Dakar

Hier, 08:54

255 000 F Cfa

773448645","https://www.expat-dakar.com/annonce/machine-a-laver-elactron-9kg-noir-el-w900mvw-6057628","MACHINE A LAVER ELACTRON 9KG NOIR EL- W900MVW","Neuf","Plateau

Dakar","255 000 F Cfa","https://i.roamcdn.net/hz/ed/listing-thumb-543w/3c741ae04dd7501daa071091454fd3d1/-/horizon-files-prod/ed/picture/qwe24v66/073051d788d8ff01fb0432881d07bfdc88a2f4f2.jpg"
"1717212680-184","https://www.expat-dakar.com/machines-a-laver?page=1","Machine à laver 12Kg Inverter Elactron
Neuf
Plateau,
Dakar

Hier, 10:01

Vendeur vérifié

360 000 F Cfa

774578888

338238580

784455800","https://www.expat-dakar.com/annonce/machine-a-laver-12kg-inverter-elactron-6013134","Machine à laver 12Kg Inverter Elactron","Neuf","Plateau

Dakar","360 000 F Cfa","https://i.roamcdn.net/hz/ed/listing-thumb-543w/784a67882376f1a43377aa0efd11bc71/-/horizon-files-prod/ed/picture/qm5pq726/9d1f9d88b19e71ed3a3003ab383d5b33513b84f7.jpg"
"1717212682-185","https://www.expat-dakar.com/machines-a-laver?page=1","Machine à laver SAMSUNG 8KG
Neuf
Plateau,
Dakar

Hier, 10:33

Vendeur vérifié

350 000 F Cfa

774578888

338238580

784455800","https://www.expat-dakar.com/annonce/machine-a-laver-samsung-8kg-5661297","Machine à laver SAMSUNG 8KG","Neuf","Plateau

Dakar","350 000 F Cfa","https://i.roamcdn.net/hz/ed/listing-thumb-543w/1ad3ba83dbe15232baeae7cfe1af7426/-/horizon-files-prod/ed/picture/q44d8wz9/67041255a859dc447353273fd152dd1f2a137d28.jpg"
"1717212684-186","https://www.expat-dakar.com/machines-a-laver?page=1","Machine a laver beko 9kg inverter
Neuf
Mbao,
Dakar

Hier, 11:50

274 000 F Cfa

772828509","https://www.expat-dakar.com/annonce/machine-a-laver-beko-9kg-inverter-6082676","Machine a laver beko 9kg inverter","Neuf","Mbao

Dakar","274 000 F Cfa","https://i.roamcdn.net/hz/ed/listing-thumb-543w/ddafd78809a8dd24721a3a3733a5f911/-/horizon-files-prod/ed/picture/qrzvdr0n/a7d014687383be9ddf4a4dce1a6c2d1511162277.jpg"
"1717212687-187","https://www.expat-dakar.com/machines-a-laver?page=1","Machine à laver 7Kg DESKA A+++
Neuf
Plateau,
Dakar

Hier, 20:46

164 900 F Cfa

778452442

778452442","https://www.expat-dakar.com/annonce/machine-a-laver-7kg-deska-a-6083107","Machine à laver 7Kg DESKA A+++","Neuf","Plateau

Dakar","164 900 F Cfa","https://i.roamcdn.net/hz/ed/listing-thumb-543w/850266a46da1233c228e08bda9fb4cc4/-/horizon-files-prod/ed/picture/qq47p95j/54cc45efe2c476d9b8bd770a3f56b45fc400697c.jpg"
"1717212689-188","https://www.expat-dakar.com/machines-a-laver?page=1","PROMO MACHINE À LAVER 10KG/6KG SÉCHAGE ASTECH INVERTER
Neuf
Plateau,
Dakar

Hier, 23:10

498 000 F Cfa

768882180","https://www.expat-dakar.com/annonce/promo-machine-a-laver-10kg6kg-sechage-astech-inverter-6083145","PROMO MACHINE À LAVER 10KG/6KG SÉCHAGE ASTECH INVERTER","Neuf","Plateau

Dakar","498 000 F Cfa","https://i.roamcdn.net/hz/ed/listing-thumb-543w/8c91a5727e201d94a547a6fd02aaabcc/-/horizon-files-prod/ed/picture/q785np9d/85ea8b4e4b9093af39642ee78693c30c859e3dac.jpg"
